22302;0
119769;0
120395;0
123736;0
142484;0
275071;0
275309;0
361623;0
389062;0
390713;0
454659;0
498990;0
510486;0
519433;0
595416;0
610033;0
664290;0
664579;0
685723;0
691481;0
786543;0
816120;0
820353;0
904119;0
914685;0
952853;0
971885;0
1033080;0
1039546;0
1043632;0
1099456;0
1200913;0
1357705;0
1376135;0
1507270;0
1535709;0
1536913;0
1569944;0
1743710;0
1746062;0
1767476;0
1880273;0
436;0
213991;1
351143;1
1037962;1
1135276;1
1153044;1
1334111;1
1358477;1
878;1
78603;2
518531;2
711179;2
1823484;2
941;2
67762;3
1156938;3
1230925;3
1313620;3
1758474;3
1981192;3
1197;3
625981;4
994461;4
1678836;4
1217;4
648793;5
1634;5
106861;6
329216;6
564763;6
708548;6
986735;6
1421497;6
1873197;6
1969042;6
2009131;6
1727;6
485596;7
1167555;7
1210589;7
1301074;7
1775;7
202494;8
1300998;8
1622630;8
1951;8
683188;9
1000618;9
1155219;9
1464746;9
1980;9
666291;10
785378;10
833413;10
1193976;10
1764082;10
2369;10
17612;11
2672;11
376904;12
969340;12
1083901;12
1230809;12
1458636;12
1620771;12
2705;12
164193;13
272299;13
608482;13
1061543;13
1304803;13
1482663;13
4343;13
1377591;14
1898040;14
2066313;14
4773;14
6534;15
755822;15
757845;15
986349;15
1076477;15
1549439;15
6110;15
1392770;16
6162;16
6393;17
431836;18
510274;18
1008448;18
1070212;18
1305659;18
1942120;18
2037299;18
6936;18
642727;19
1616415;19
7111;19
1901789;20
2026185;20
7157;20
386846;21
1162133;21
1321639;21
1576221;21
1707741;21
1801467;21
1844535;21
7228;21
306905;22
634799;22
2049819;22
7339;22
721817;23
1070569;23
1147181;23
7478;23
221107;24
322237;24
1060430;24
1060904;24
1319857;24
1560498;24
1756424;24
1759402;24
2034776;24
7509;24
1015718;25
7554;25
266345;26
1082022;26
1732032;26
7639;26
181229;27
928194;27
1425064;27
7680;27
1068896;28
8385;28
160922;29
1914141;29
2016975;29
8908;29
544893;30
1908834;30
1983657;30
8931;30
474279;31
1674612;31
9103;31
1073497;32
1930315;32
9565;32
1486520;33
9924;33
10371;34
371361;35
408012;35
1671980;35
11269;35
806371;36
11297;36
483106;37
483896;37
879255;37
11311;37
923068;38
1089305;38
1747039;38
11400;38
163676;39
439277;39
645116;39
738579;39
12030;39
14100;40
15811;40
543526;40
12061;40
105834;41
199976;41
583927;41
827497;41
883742;41
1338832;41
1421396;41
1568224;41
12470;41
258314;42
1059177;42
13052;42
13354;43
234320;44
983958;44
1871023;44
14290;44
28721;45
325607;45
392782;45
445984;45
662594;45
681230;45
1011997;45
1544108;45
1971204;45
14557;45
58518;46
140935;46
160988;46
194305;46
250958;46
277328;46
294250;46
407415;46
508780;46
551933;46
570247;46
589448;46
675616;46
698636;46
705173;46
833313;46
835980;46
857616;46
974337;46
988355;46
1071523;46
1104936;46
1223924;46
1307715;46
1322226;46
1336280;46
1421817;46
1555391;46
1556239;46
1574091;46
1618002;46
1623196;46
1718705;46
1753321;46
1753347;46
1796573;46
1872559;46
1983198;46
2005317;46
2026631;46
2059292;46
14916;46
297404;47
581794;47
1111313;47
1248261;47
1660198;47
1997632;47
15466;47
56627;48
60390;48
130479;48
161071;48
187692;48
195664;48
275440;48
280057;48
368047;48
399712;48
429192;48
588544;48
669199;48
685081;48
773078;48
874468;48
874532;48
991984;48
1003392;48
1060545;48
1072988;48
1126372;48
1165979;48
1214689;48
1240231;48
1332781;48
1366161;48
1417237;48
1530629;48
1541776;48
1543533;48
1563610;48
1574391;48
1626469;48
1630045;48
1664117;48
1679714;48
1872654;48
1873144;48
1917187;48
1950762;48
2070394;48
2074636;48
15490;48
15712;49
15715;50
71625;51
118662;51
231019;51
253121;51
325464;51
451212;51
463801;51
484729;51
494000;51
647471;51
739587;51
747056;51
869116;51
924693;51
952892;51
1035153;51
1169300;51
1169559;51
1269418;51
1329931;51
1345790;51
1378176;51
1391249;51
1480081;51
1481699;51
1531776;51
1556680;51
1687952;51
1789765;51
1889880;51
1920806;51
1949081;51
2022346;51
2041158;51
15755;51
812894;52
1232039;52
1475813;52
17074;52
32116;53
1781561;53
17425;53
138952;54
394715;54
446257;54
547838;54
832516;54
1155913;54
1409556;54
17740;54
17914;55
1096690;56
1235149;56
18521;56
1014878;57
1793044;57
1914290;57
18647;57
460529;58
560023;58
1246003;58
1332876;58
1588778;58
1815411;58
1859126;58
18989;58
593363;59
1303823;59
1847604;59
19103;59
939891;60
19162;60
515929;61
972532;61
1356570;61
1841510;61
1858180;61
2007364;61
19249;61
221553;62
542027;62
746574;62
1264352;62
1770473;62
20098;62
545151;63
1151635;63
1526981;63
20345;63
255220;64
341817;64
380121;64
552331;64
584961;64
610496;64
619301;64
637588;64
702761;64
707811;64
750943;64
816619;64
965639;64
1127609;64
1231738;64
1259765;64
1276527;64
1395391;64
1515343;64
1611603;64
1700607;64
1758848;64
1761460;64
1804033;64
1851993;64
1925454;64
1929489;64
1975844;64
1987894;64
1993646;64
2004757;64
2015476;64
2027740;64
20745;64
1883384;65
2056082;65
20986;65
241608;66
289616;66
307107;66
931011;66
1194531;66
1376114;66
1436500;66
1614499;66
1784252;66
2078374;66
21979;66
1359205;67
2014925;67
22405;67
108622;68
199491;68
509878;68
1413464;68
22713;68
251539;69
1820804;69
23258;69
395912;70
2052498;70
23379;70
300794;71
518859;71
23899;71
1090272;72
1529109;72
1789670;72
24909;72
1364161;73
25154;73
647120;74
1098471;74
1914861;74
25544;74
1196426;75
25792;75
915689;76
25873;76
189505;77
744780;77
26349;77
518180;78
1887790;78
27343;78
576974;79
1412390;79
1512355;79
1884134;79
2040751;79
27471;79
443711;80
595748;80
1718690;80
27774;80
660201;81
1434808;81
28804;81
370437;82
841407;82
1279689;82
2001487;82
29232;82
41036;83
759991;83
768816;83
1128200;83
29706;83
1703550;84
1862520;84
29928;84
1263911;85
1630055;85
30381;85
978007;86
1148377;86
1926467;86
30643;86
299349;87
999462;87
2048511;87
30856;87
765225;88
1032401;88
1895812;88
30878;88
75473;89
128371;89
219473;89
247719;89
289879;89
377475;89
440750;89
467295;89
530499;89
613835;89
621723;89
668586;89
824431;89
843582;89
870414;89
892938;89
1081428;89
1082533;89
1162574;89
1322302;89
1339096;89
1351989;89
1389731;89
1459217;89
1460303;89
1502313;89
1503483;89
1593451;89
1634902;89
1905467;89
1956391;89
2015092;89
31304;89
81090;90
195725;90
412874;90
634880;90
1559001;90
1580679;90
1882328;90
1937540;90
2028377;90
31755;90
309261;91
1931591;91
31954;91
31994;92
569502;93
854271;93
1838691;93
32993;93
33030;94
992928;95
33136;95
73576;96
404537;96
1618736;96
1726963;96
33412;96
217232;97
1122643;97
1515514;97
1577105;97
33775;97
689624;98
33888;98
696249;99
34004;99
210617;100
1240892;100
34522;100
182449;101
1123817;101
2036701;101
34936;101
35076;102
160977;103
672918;103
907043;103
1092832;103
1446675;103
1633069;103
36415;103
291785;104
647535;104
821721;104
941906;104
1221753;104
1334972;104
36486;104
585556;105
1493773;105
36878;105
383415;106
886959;106
1190482;106
36922;106
1467688;107
1679080;107
1960504;107
2054939;107
36938;107
162188;108
242395;108
1543463;108
37425;108
1908621;109
37693;109
507257;110
877947;110
1653760;110
37720;110
131876;111
733140;111
805298;111
821075;111
1357973;111
1508923;111
1549219;111
38492;111
257896;112
379254;112
748592;112
1208350;112
1971852;112
38622;112
184252;113
206002;113
38945;113
613364;114
1923259;114
39012;114
571263;115
579967;115
40051;115
456790;116
464904;116
834234;116
1676380;116
1800541;116
2066397;116
40062;116
253489;117
1232924;117
40235;117
84678;118
430724;118
636407;118
1178973;118
40410;118
1217871;119
1379300;119
1434450;119
40570;119
40624;120
552852;121
40715;121
40960;122
1865375;123
2073381;123
41035;123
1727249;124
1737249;124
1798740;124
1805203;124
41235;124
41289;125
284015;126
646717;126
1651667;126
1673898;126
1764981;126
41629;126
79718;127
41825;127
41879;128
651523;129
42014;129
177160;130
380913;130
1900340;130
42555;130
42721;131
1014080;132
1105834;132
1267345;132
42749;132
1758663;133
42803;133
43800;134
164723;135
1008020;135
43805;135
291511;136
1620753;136
1882651;136
43833;136
43927;137
211581;138
557891;138
648291;138
44621;138
45157;139
811356;140
1809285;140
1908375;140
45840;140
46326;141
1275173;142
1524136;142
46423;142
328657;143
871333;143
873143;143
1217112;143
2090883;143
47327;143
122426;144
124441;144
229760;144
241490;144
245363;144
284127;144
291979;144
378256;144
408906;144
441492;144
481638;144
496842;144
508963;144
526481;144
543006;144
549394;144
611447;144
651308;144
661984;144
668872;144
673087;144
733557;144
763108;144
771453;144
842328;144
887530;144
955733;144
959101;144
972182;144
988181;144
1038892;144
1041478;144
1159870;144
1309055;144
1320098;144
1350376;144
1355346;144
1358860;144
1364488;144
1390642;144
1397828;144
1428889;144
1459145;144
1570276;144
1589024;144
1635915;144
1644402;144
1708002;144
1711850;144
1742503;144
1784014;144
1827709;144
1872848;144
1891308;144
1938686;144
2047906;144
2056066;144
2085681;144
2094468;144
47441;144
481495;145
1426523;145
1469947;145
47758;145
1137078;146
2071009;146
47773;146
65486;147
79140;147
170786;147
182809;147
912572;147
1356429;147
1818636;147
1942927;147
48336;147
128533;148
440632;148
484248;148
1393253;148
1873375;148
48730;148
559328;149
1204547;149
49352;149
49375;150
1318949;151
1654909;151
49445;151
61313;152
160919;152
306727;152
810466;152
996390;152
1122878;152
1314488;152
1614952;152
1749221;152
49610;152
641516;153
50126;153
67142;154
587043;154
638913;154
1670069;154
50181;154
377926;155
516710;155
688908;155
1533281;155
1814691;155
2085735;155
51389;155
366807;156
1296043;156
51463;156
648000;157
1606701;157
1729991;157
51523;157
383633;158
764378;158
1051814;158
51784;158
2072090;159
2083172;159
51893;159
1638675;160
1719235;160
1944523;160
52083;160
223305;161
360857;161
374448;161
860506;161
1315406;161
1536579;161
1730626;161
1768688;161
52834;161
195196;162
459184;162
1387164;162
1752009;162
1898843;162
53527;162
53898;163
1070639;164
54223;164
365994;165
451555;165
1215994;165
1460660;165
1581087;165
55124;165
878281;166
1211295;166
1310747;166
1559505;166
1713322;166
55678;166
467272;167
789396;167
1247737;167
1858014;167
1916317;167
2022453;167
56079;167
770252;168
974159;168
1341804;168
2019077;168
56467;168
56611;169
56638;170
305229;171
854553;171
1528120;171
1657247;171
57021;171
459928;172
1912715;172
57086;172
57581;173
57612;174
793673;175
57806;175
243033;176
250805;176
1280996;176
58897;176
183116;177
232640;177
390019;177
59930;177
352535;178
814498;178
957896;178
1385507;178
1826884;178
1976289;178
60042;178
135782;179
587445;179
800724;179
908943;179
1149129;179
1730075;179
2023808;179
60140;179
651100;180
1063010;180
1149603;180
1216173;180
1626029;180
1674637;180
1688270;180
1702690;180
60156;180
1991681;181
60359;181
60633;182
127037;183
168587;183
298495;183
525323;183
1326471;183
1640943;183
1728432;183
62001;183
629930;184
1571131;184
62346;184
284632;185
1856291;185
62885;185
1015390;186
1699779;186
63549;186
1196711;187
1324567;187
1687201;187
1713404;187
64304;187
1332445;188
1815116;188
65293;188
125263;189
129827;189
232309;189
1136315;189
1482174;189
66208;189
332278;190
661547;190
66604;190
553665;191
1198310;191
1446235;191
66725;191
67063;192
111118;193
400640;193
458951;193
631684;193
1022772;193
1034802;193
67294;193
307824;194
1308854;194
67425;194
278088;195
771525;195
67747;195
566020;196
665541;196
2036360;196
67756;196
830269;197
961799;197
1426264;197
1982191;197
68027;197
615133;198
822450;198
890800;198
1402219;198
68537;198
636327;199
918005;199
1216182;199
1496354;199
68565;199
984103;200
1318214;200
68674;200
580645;201
1453207;201
2019983;201
68697;201
1916075;202
69164;202
246027;203
378695;203
456254;203
617592;203
1060632;203
1467015;203
1578380;203
1685710;203
1732710;203
69245;203
69324;204
1046264;205
1426039;205
1995388;205
69337;205
69348;206
69530;207
1659909;208
1719387;208
69845;208
515472;209
1872990;209
70408;209
71472;210
237255;211
298175;211
354407;211
423159;211
540937;211
543690;211
603810;211
651191;211
785325;211
791077;211
794198;211
874286;211
941561;211
1065883;211
1109589;211
1164383;211
1222078;211
1331081;211
1432584;211
1524688;211
1571610;211
1571736;211
1667860;211
1706656;211
1736001;211
1787735;211
1806858;211
1844402;211
1887414;211
1894219;211
1916489;211
1982465;211
2005669;211
2082204;211
71913;211
473898;212
1450164;212
71940;212
72202;213
517885;214
611287;214
1391753;214
1828874;214
72254;214
573715;215
1957228;215
72585;215
72753;216
73058;217
73231;218
73415;219
204057;219
1330734;219
1705011;219
73245;219
255455;220
1409020;220
1751308;220
73365;220
74113;221
248838;221
405773;221
602138;221
640448;221
921779;221
1048364;221
1915367;221
73941;221
510696;222
564674;222
612250;222
858578;222
958431;222
1806795;222
73977;222
74204;223
1280922;224
1321359;224
1480813;224
1901765;224
2051549;224
74613;224
393107;225
583339;225
731443;225
779535;225
918738;225
947320;225
1128580;225
74616;225
258464;226
74766;226
1697365;227
75987;227
391338;228
76731;228
290404;229
531144;229
1411899;229
1820773;229
77124;229
611725;230
747926;230
810181;230
1727226;230
77341;230
1743490;231
77556;231
77892;232
77985;233
305418;234
410126;234
902529;234
1094939;234
79806;234
144043;235
421858;235
481352;235
550269;235
1303995;235
80314;235
968489;236
988972;236
1158948;236
1688395;236
1813111;236
1825209;236
80839;236
157442;237
809635;237
1351658;237
1924195;237
81525;237
161411;238
810862;238
1375945;238
81921;238
1552433;239
1586846;239
82626;239
82707;240
1439547;241
2041105;241
83019;241
1002298;242
1506051;242
83912;242
462663;243
715390;243
756638;243
1345871;243
1592997;243
1892706;243
83986;243
550165;244
1448132;244
1716862;244
1920078;244
84178;244
1740708;245
1987765;245
84322;245
120394;246
129113;246
171566;246
176233;246
337015;246
446534;246
468864;246
555404;246
578697;246
587738;246
646245;246
681305;246
781978;246
860499;246
916289;246
968455;246
1003429;246
1007782;246
1065976;246
1130591;246
1165756;246
1332925;246
1336047;246
1386224;246
1440279;246
1479205;246
1527025;246
1529254;246
1569172;246
1575235;246
1630646;246
1749456;246
1788092;246
1792869;246
1873203;246
1878171;246
1906645;246
1949874;246
1967677;246
1982027;246
2009792;246
2076332;246
2081811;246
84567;246
977149;247
1285212;247
2084809;247
84599;247
193115;248
1346637;248
2056851;248
84976;248
410668;249
420023;249
903238;249
85245;249
85398;250
823565;251
85540;251
605315;252
1384212;252
1520054;252
1747815;252
1964698;252
85584;252
316194;253
780190;253
1097214;253
85826;253
89827;254
91552;254
99371;254
163905;254
171580;254
254060;254
257199;254
311504;254
321688;254
382408;254
487801;254
518888;254
547746;254
549739;254
734884;254
798609;254
857114;254
966510;254
996825;254
1078782;254
1084844;254
1155375;254
1223245;254
1240651;254
1265098;254
1275178;254
1306931;254
1326004;254
1337155;254
1532450;254
1541863;254
1564557;254
1620988;254
1702844;254
1843796;254
1863151;254
1864772;254
1976732;254
1978182;254
2023167;254
2037599;254
2079054;254
86514;254
742578;255
962522;255
1917119;255
86614;255
194738;256
933342;256
1215811;256
86732;256
108717;257
170570;257
552487;257
1016253;257
1140475;257
1322595;257
1811688;257
2056876;257
86940;257
87021;258
468827;259
87053;259
216468;260
549795;260
828045;260
1204869;260
1552355;260
1615218;260
1659439;260
1724426;260
1900049;260
2013854;260
87647;260
318235;261
718607;261
945257;261
1023477;261
1576195;261
88315;261
554286;262
713536;262
1441614;262
1464565;262
1738746;262
2017255;262
89187;262
89618;263
734441;264
1815158;264
1890914;264
89996;264
153470;265
575771;265
825466;265
910939;265
970490;265
1224245;265
90317;265
412275;266
90429;266
1451127;267
1477256;267
1611141;267
1959437;267
91182;267
157523;268
821553;268
1977202;268
91390;268
234695;269
1118027;269
1221080;269
1292409;269
1336358;269
1339641;269
91683;269
141039;270
588356;270
1824533;270
92666;270
171760;271
968310;271
93776;271
212247;272
848722;272
1003815;272
1056227;272
1488263;272
1723050;272
93934;272
126182;273
659085;273
1078699;273
94067;273
216024;274
353958;274
424710;274
798994;274
911823;274
1073933;274
1320125;274
1664230;274
1769075;274
2093864;274
94140;274
119383;275
95112;275
230498;276
277274;276
312564;276
874887;276
1203064;276
1547860;276
1596719;276
95161;276
798323;277
1837235;277
95450;277
309835;278
1035530;278
95924;278
656123;279
1233831;279
2020630;279
96203;279
1710343;280
96285;280
96504;281
357130;282
1024331;282
1205773;282
1238599;282
1252377;282
1742491;282
1854198;282
96728;282
1492555;283
96972;283
97314;284
810833;285
1301820;285
1741458;285
97393;285
209288;286
97490;286
399441;287
709950;287
732959;287
830650;287
97613;287
602296;288
748719;288
801953;288
975742;288
1102428;288
1159254;288
97824;288
1420053;289
1796388;289
98500;289
1135949;290
1961646;290
98842;290
922955;291
99250;291
465955;292
1463295;292
2032812;292
99939;292
475855;293
684101;293
1053269;293
100068;293
207136;294
1771245;294
100174;294
354488;295
822469;295
1959069;295
100951;295
101592;296
134564;297
162240;297
1461877;297
1831701;297
101726;297
771390;298
1255054;298
102175;298
1185688;299
1989874;299
102362;299
363928;300
784655;300
1689151;300
1775717;300
102379;300
428582;301
667435;301
994541;301
1056414;301
1229798;301
1334857;301
1419334;301
1983168;301
2052272;301
102963;301
691191;302
1155936;302
1340628;302
1645904;302
103422;302
103653;303
645755;304
864382;304
1650280;304
1997761;304
104120;304
506678;305
667855;305
1265839;305
1813981;305
2006561;305
104177;305
1180630;306
1212680;306
1386541;306
105229;306
254180;307
105331;307
600636;308
1169163;308
105431;308
895448;309
1754909;309
105510;309
211622;310
485704;310
1159233;310
105876;310
255071;311
956305;311
1759662;311
106065;311
543205;312
621318;312
675542;312
1796183;312
106322;312
220105;313
482603;313
512272;313
717179;313
1469505;313
2068254;313
106485;313
612324;314
665331;314
717547;314
1539679;314
1802636;314
1887398;314
106773;314
107173;315
421508;316
853917;316
1130268;316
1465213;316
108103;316
969502;317
1046688;317
1499757;317
1619784;317
108423;317
108559;318
1401527;319
1844105;319
108757;319
340699;320
365286;320
108944;320
110075;321
185956;322
457124;322
729136;322
824420;322
1023244;322
1031147;322
1544975;322
1711266;322
2013533;322
110200;322
137057;323
110626;323
162417;324
768446;324
1319906;324
1915886;324
111378;324
1324908;325
1333052;325
1426125;325
1536610;325
111510;325
111758;326
793703;327
1472727;327
111975;327
798193;328
918008;328
972152;328
1327593;328
112107;328
187483;329
273315;329
1014468;329
1058071;329
1190780;329
1383898;329
1416972;329
1538199;329
1808298;329
112324;329
112328;330
118601;331
1376886;331
1718291;331
113153;331
238547;332
302771;332
845597;332
1319602;332
113536;332
714072;333
994721;333
113946;333
114462;334
827389;335
1617541;335
1827053;335
114521;335
1505036;336
1631156;336
114958;336
454462;337
1571283;337
115573;337
249151;338
353773;338
473656;338
115651;338
497376;339
1105427;339
1223353;339
115843;339
936420;340
978147;340
115961;340
122704;341
270294;341
410107;341
1191716;341
1351786;341
1547391;341
116446;341
619857;342
1615490;342
116476;342
168805;343
174424;343
236252;343
293706;343
306168;343
383467;343
506419;343
564103;343
582025;343
870287;343
894204;343
952396;343
986747;343
1002336;343
1050626;343
1171097;343
1207278;343
1222166;343
1277482;343
1295850;343
1401500;343
1402099;343
1411770;343
1496912;343
1502642;343
1694938;343
1727751;343
1729790;343
1787422;343
1854279;343
1916497;343
1972355;343
2089647;343
116607;343
1138323;344
1146756;344
1346716;344
116861;344
842645;345
1119534;345
1220077;345
117066;345
323893;346
117551;346
618091;347
1191447;347
1610139;347
117888;347
252780;348
372082;348
890649;348
118552;348
118688;349
141459;350
526361;350
1440453;350
118785;350
639730;351
1554434;351
119370;351
146240;352
618704;352
1075494;352
1707585;352
1848529;352
2094648;352
119477;352
1122923;353
1620491;353
1895464;353
119648;353
326438;354
444008;354
1684262;354
119750;354
287839;355
1422571;355
119808;355
246884;356
575148;356
1648321;356
1714293;356
120407;356
930161;357
1551364;357
1630278;357
1961439;357
120476;357
120607;358
133085;359
392025;359
554059;359
964113;359
1709959;359
1977815;359
120615;359
404385;360
690569;360
120617;360
943291;361
121980;361
177323;362
1676592;362
2032482;362
122203;362
304588;363
395636;363
949266;363
1238953;363
1610310;363
1958435;363
122344;363
1188775;364
1336981;364
122566;364
461584;365
1505054;365
122656;365
970913;366
1340222;366
1473321;366
1476464;366
122838;366
546321;367
1248154;367
1760095;367
122907;367
122981;368
847425;369
1508367;369
123312;369
180277;370
919985;370
1936551;370
123332;370
1107067;371
1216196;371
124052;371
152250;372
808070;372
1357916;372
1794014;372
125285;372
773784;373
1712829;373
126216;373
1092525;374
1183864;374
126493;374
1381346;375
126739;375
347110;376
1641509;376
126850;376
667963;377
1117699;377
127426;377
733383;378
936941;378
1013417;378
1656027;378
127728;378
298320;379
357743;379
752767;379
128468;379
509358;380
1841960;380
128920;380
300107;381
732567;381
1774782;381
129051;381
446890;382
1380741;382
129114;382
445691;383
695209;383
871747;383
1876603;383
129173;383
143610;384
1187185;384
130179;384
396176;385
1523470;385
1906309;385
130292;385
1522300;386
130342;386
799114;387
1536451;387
1757396;387
130373;387
386790;388
1789454;388
130741;388
130895;389
1667132;390
1766974;390
131179;390
453302;391
1119806;391
1342699;391
1588308;391
1870006;391
2001998;391
2091938;391
131905;391
132087;392
805435;393
1286289;393
132781;393
727998;394
1368389;394
1492009;394
1513840;394
1865282;394
1975667;394
1980139;394
133205;394
133312;395
1031110;396
1238247;396
1923558;396
133836;396
727878;397
1023704;397
134375;397
134515;398
134576;399
204160;400
1164755;400
134794;400
526530;401
1612121;401
1638105;401
135036;401
579897;402
1134427;402
1773176;402
135051;402
1151878;403
1617283;403
1932228;403
135539;403
348714;404
1688271;404
1695608;404
135664;404
162421;405
410172;405
1136531;405
1517885;405
136218;405
697469;406
1027483;406
1695941;406
2056864;406
136693;406
524889;407
1962802;407
137252;407
154595;408
386827;408
651835;408
1322523;408
1971223;408
137608;408
137622;409
837471;410
1189979;410
138678;410
520046;411
139130;411
575013;412
139452;412
826048;413
1979842;413
139649;413
139881;414
141597;415
1721884;416
141708;416
186808;417
447903;417
1590601;417
141943;417
731574;418
773932;418
973038;418
142392;418
1241012;419
142466;419
928500;420
1398928;420
2042299;420
143153;420
244233;421
525149;421
1715971;421
1722945;421
1729345;421
143159;421
679297;422
875863;422
1098358;422
1246650;422
1405426;422
1597320;422
1858381;422
143415;422
1068813;423
144872;423
182878;424
195888;424
696925;424
145262;424
307809;425
1378623;425
1434748;425
145305;425
1745381;426
2067135;426
145911;426
414680;427
452838;427
747486;427
951610;427
1020386;427
2044640;427
146186;427
359044;428
396118;428
1643625;428
146719;428
146890;429
317835;430
669589;430
884972;430
148486;430
486131;431
1628396;431
148522;431
444820;432
148588;432
300760;433
1370614;433
1574554;433
148982;433
357179;434
872825;434
1428997;434
1588767;434
149057;434
1293802;435
1658679;435
149248;435
748943;436
987837;436
1050809;436
1175402;436
1208846;436
1566396;436
1647208;436
1799047;436
1950033;436
149493;436
206379;437
379679;437
528981;437
559418;437
744017;437
1217359;437
1296858;437
1715217;437
1790391;437
149853;437
1783900;438
150070;438
813750;439
1855670;439
150855;439
753092;440
858816;440
2001786;440
150923;440
291093;441
1580101;441
151768;441
1432491;442
1652912;442
1792441;442
151843;442
562858;443
1008896;443
1977852;443
2056401;443
152460;443
153860;444
583967;445
1127780;445
1216982;445
2039001;445
153953;445
154530;446
482976;447
1936075;447
154922;447
278534;448
1262172;448
1501569;448
1799511;448
155891;448
351756;449
1908869;449
156213;449
157752;450
941650;451
1643712;451
157984;451
639721;452
1718771;452
158275;452
158293;453
2028313;454
158340;454
746597;455
1052882;455
1236539;455
1492978;455
158681;455
675378;456
158818;456
238484;457
255291;457
273547;457
309525;457
333607;457
367267;457
390998;457
423274;457
437406;457
547322;457
596216;457
840930;457
938483;457
960169;457
1024278;457
1035959;457
1120873;457
1143968;457
1437890;457
1441476;457
1470065;457
1565670;457
1618163;457
1744582;457
1751339;457
1797536;457
1800769;457
1877850;457
1897655;457
2087246;457
159163;457
1689641;458
159418;458
159893;459
612957;460
950113;460
2061906;460
160360;460
160436;461
529662;462
1239366;462
1462794;462
160563;462
1118800;463
160792;463
166477;464
418973;464
776834;464
816045;464
966340;464
1829837;464
2083046;464
161007;464
320947;465
984014;465
1980952;465
161417;465
275392;466
1362999;466
1594339;466
1780984;466
161437;466
372169;467
1145508;467
161556;467
161781;468
256389;469
162328;469
240961;470
1853381;470
2081833;470
162798;470
1054327;471
162808;471
458024;472
1046448;472
1827233;472
162882;472
268563;473
725559;473
163330;473
266580;474
551928;474
1173915;474
1583686;474
2060504;474
163738;474
163791;475
315934;476
844271;476
1929109;476
2093879;476
163829;476
425378;477
1089191;477
2071714;477
164466;477
164531;478
173732;479
216531;479
441038;479
165316;479
835362;480
835740;480
1208962;480
165790;480
279326;481
520679;481
1058643;481
165943;481
528516;482
682443;482
1263770;482
166095;482
890518;483
932649;483
1265823;483
166128;483
186760;484
633804;484
1175281;484
1244133;484
166250;484
333113;485
1822104;485
1915992;485
166368;485
1692136;486
1960968;486
166723;486
191735;487
1895416;487
166855;487
167417;488
452524;489
1001032;489
1252903;489
2046978;489
167470;489
167523;490
549850;491
628661;491
963924;491
1071824;491
1588833;491
1642591;491
1810521;491
1873126;491
168011;491
1095464;492
1171272;492
1847046;492
168062;492
486030;493
1220535;493
1814139;493
168368;493
224982;494
914933;494
168448;494
168485;495
168789;496
197798;497
387633;497
566362;497
611274;497
649155;497
807801;497
865742;497
1028098;497
1281612;497
1656523;497
1740576;497
1803396;497
1928075;497
168811;497
339638;498
1376303;498
1376755;498
168863;498
291624;499
475447;499
956179;499
1678754;499
169093;499
403520;500
1856735;500
1960341;500
169591;500
476387;501
687983;501
845960;501
1551150;501
170270;501
365343;502
1849090;502
1939292;502
170430;502
240876;503
427170;503
536330;503
829943;503
910832;503
1411980;503
170456;503
357245;504
418150;504
970160;504
1045021;504
1979024;504
171002;504
619428;505
1287048;505
1541685;505
1886565;505
171066;505
2075534;506
171132;506
1009525;507
171536;507
563405;508
171900;508
1140163;509
1410591;509
1412866;509
1963126;509
172233;509
173232;510
173339;511
540495;512
875420;512
939471;512
1165232;512
1484109;512
173575;512
1030897;513
1599761;513
173724;513
780921;514
881585;514
174348;514
174727;515
1365563;516
1950381;516
1975742;516
174785;516
174974;517
833015;518
1836750;518
175040;518
302008;519
1557138;519
1863024;519
175246;519
1199300;520
175424;520
1248157;521
1308740;521
1883669;521
175601;521
646993;522
1136963;522
175741;522
620669;523
765092;523
176062;523
1140789;524
176423;524
1053403;525
176646;525
875263;526
2085568;526
177052;526
955294;527
1003120;527
1353153;527
177221;527
182729;528
531824;528
533798;528
1270542;528
1428078;528
1715394;528
1896855;528
178059;528
1109022;529
1180904;529
1251137;529
1272013;529
178111;529
179386;530
310080;531
959623;531
1330769;531
180539;531
1331654;532
1421418;532
1973863;532
180661;532
491409;533
525690;533
1950138;533
180789;533
295158;534
1290405;534
2070089;534
181166;534
567412;535
727598;535
967171;535
1845254;535
181968;535
182436;536
596466;537
1697381;537
182577;537
612964;538
756531;538
1873529;538
182931;538
201239;539
505361;539
713288;539
899459;539
1151513;539
1201132;539
1227319;539
183618;539
183761;540
183920;541
1951104;542
184203;542
764182;543
1044611;543
1189267;543
2043831;543
184216;543
197158;544
1649682;544
184573;544
717052;545
893833;545
185655;545
340936;546
590966;546
1075202;546
186358;546
232689;547
773058;547
186726;547
205315;548
669571;548
737536;548
187130;548
1427861;549
187260;549
236342;550
242845;550
497149;550
551840;550
664979;550
711205;550
1110694;550
1461502;550
187639;550
714317;551
1332008;551
1727893;551
188145;551
1296602;552
1775015;552
188157;552
665055;553
1316634;553
1339814;553
1523741;553
188906;553
202508;554
246421;554
256838;554
270108;554
301270;554
344211;554
362183;554
488553;554
568810;554
594162;554
595512;554
686079;554
748518;554
772909;554
773980;554
813534;554
842189;554
969991;554
976785;554
1043977;554
1284707;554
1310184;554
1349624;554
1477321;554
1515770;554
1554663;554
1573624;554
1599137;554
1692091;554
1702332;554
1808137;554
1858783;554
1889140;554
1931562;554
1937995;554
2004297;554
2015054;554
2019049;554
189118;554
766385;555
890825;555
1211687;555
191178;555
1271634;556
191505;556
411231;557
630509;557
1460426;557
191538;557
450820;558
1805054;558
191805;558
191855;559
192478;560
385423;561
408169;561
2046292;561
2060713;561
192894;561
193091;562
193473;563
1698476;564
2045865;564
193521;564
660203;565
1135172;565
1888002;565
194147;565
2045911;566
194806;566
676142;567
810856;567
935734;567
1235498;567
1653563;567
1736670;567
1794987;567
1835351;567
1895009;567
1988547;567
195015;567
1455142;568
1833168;568
2044881;568
195058;568
487862;569
1376266;569
195083;569
291269;570
691965;570
1538447;570
1932440;570
195445;570
213290;571
919935;571
973062;571
196239;571
1961065;572
196334;572
1547036;573
1844215;573
197100;573
202640;574
557871;574
197146;574
1199497;575
197327;575
680993;576
1247388;576
1524807;576
197411;576
1822329;577
197541;577
197786;578
590704;579
198118;579
887962;580
1388022;580
199078;580
203354;581
628864;581
690012;581
199211;581
630617;582
677180;582
950168;582
1573919;582
1606634;582
199342;582
280620;583
1113108;583
1142377;583
1154170;583
200414;583
796138;584
827522;584
1095420;584
1229137;584
1314202;584
1464155;584
2028224;584
200851;584
201393;585
359163;586
500247;586
735026;586
201463;586
478134;587
771829;587
1861179;587
202450;587
2090691;588
203184;588
1100779;589
203267;589
686620;590
1274574;590
203569;590
1920223;591
204236;591
260449;592
776998;592
906672;592
1599421;592
1799156;592
1912538;592
204334;592
204640;593
689113;594
721145;594
1534817;594
205015;594
760294;595
1555257;595
205290;595
205691;596
1376643;597
1527767;597
2085080;597
206009;597
223540;598
234704;598
264546;598
284117;598
307026;598
384461;598
406905;598
432971;598
464204;598
529543;598
596085;598
690747;598
742660;598
801052;598
827532;598
911356;598
915404;598
1065343;598
1089302;598
1116893;598
1129933;598
1200791;598
1325621;598
1449007;598
1467311;598
1475013;598
1487365;598
1627468;598
1646453;598
1686979;598
1744341;598
1768434;598
1832566;598
1944047;598
2033274;598
208111;598
663266;599
209419;599
911571;600
930542;600
1273281;600
1648452;600
1727821;600
1788822;600
209473;600
533093;601
1191631;601
2093917;601
210170;601
270463;602
841821;602
953701;602
210730;602
550901;603
615289;603
902301;603
1186566;603
210810;603
590484;604
1430595;604
1445696;604
211109;604
871433;605
211472;605
230313;606
211669;606
1517370;607
1960662;607
212022;607
1758901;608
212191;608
237750;609
786972;609
1421406;609
1440397;609
1484697;609
212756;609
802758;610
1181952;610
1581253;610
212805;610
213448;611
1321386;612
213764;612
214139;613
440769;614
915555;614
1057358;614
214343;614
1439666;615
215220;615
718222;616
1356147;616
1687565;616
215251;616
279854;617
840480;617
1908029;617
215422;617
215789;618
389456;619
2010970;619
216481;619
1574616;620
2015695;620
216900;620
217095;621
292787;622
715273;622
217208;622
352827;623
746539;623
784566;623
1400659;623
1634397;623
1693724;623
217213;623
217385;624
217701;625
383013;626
2010501;626
217719;626
366903;627
471766;627
937477;627
1565633;627
218064;627
1967504;628
218421;628
646337;629
219567;629
1027860;630
220095;630
485638;631
1536992;631
1842761;631
1889529;631
220284;631
233251;632
220382;632
220592;633
809255;634
221277;634
482625;635
746567;635
887771;635
222155;635
229149;636
751494;636
1979568;636
222807;636
263101;637
1761931;637
2015189;637
223428;637
1224859;638
1633651;638
2052295;638
224471;638
239721;639
2021036;639
224538;639
441240;640
1834564;640
2019257;640
224606;640
785841;641
1179022;641
1786093;641
2022246;641
225889;641
444898;642
744541;642
757419;642
226280;642
1243186;643
1380475;643
227163;643
227192;644
392618;645
1095309;645
1336607;645
1483705;645
1722376;645
2063022;645
227221;645
312905;646
1315890;646
1740121;646
1993284;646
228566;646
363668;647
680789;647
1133232;647
1793350;647
228641;647
260018;648
1225831;648
1749274;648
229165;648
640169;649
1037915;649
229245;649
1647214;650
229683;650
700462;651
872187;651
1044665;651
1971924;651
230129;651
571266;652
1552998;652
2052846;652
230413;652
681153;653
1326120;653
230427;653
991697;654
993849;654
230553;654
539714;655
610790;655
1333792;655
230721;655
846957;656
230924;656
2018504;657
230971;657
522711;658
1789535;658
1823549;658
231065;658
1226322;659
1325110;659
1784314;659
231100;659
863916;660
231643;660
232274;661
347424;662
1373154;662
232333;662
359283;663
419271;663
567670;663
232620;663
1645255;664
1924147;664
233174;664
725044;665
973520;665
233486;665
406664;666
661368;666
903723;666
975598;666
1096872;666
233749;666
1539623;667
233887;667
1959166;668
234830;668
2052720;669
234845;669
288629;670
234929;670
431086;671
1446290;671
235226;671
236573;672
237746;673
1567838;674
238580;674
255712;675
633081;675
238807;675
620186;676
724670;676
739949;676
1202675;676
1367089;676
1998752;676
2040759;676
239133;676
1645785;677
1791085;677
239172;677
669970;678
1520987;678
1999088;678
239673;678
483809;679
2037429;679
240120;679
1031649;680
1221432;680
1873306;680
240423;680
240885;681
404781;682
240895;682
879855;683
1042390;683
1205744;683
241193;683
241275;684
407458;685
1636226;685
242021;685
242353;686
345353;687
858135;687
1456249;687
1992013;687
242631;687
665500;688
921815;688
1581268;688
242698;688
623702;689
788497;689
859741;689
1297591;689
1986669;689
243048;689
855607;690
1022480;690
1636747;690
1893633;690
243053;690
258343;691
243754;691
487563;692
1762673;692
1808584;692
244005;692
496679;693
640904;693
245129;693
627477;694
950729;694
2017429;694
245572;694
758460;695
962457;695
1368028;695
246035;695
246199;696
338161;697
1156732;697
1911656;697
1946340;697
246751;697
841314;698
927280;698
1966429;698
246860;698
646143;699
734180;699
898576;699
246969;699
650800;700
662894;700
2086405;700
246988;700
1187902;701
1523933;701
1629590;701
247384;701
643918;702
918404;702
1048798;702
248178;702
248850;703
249267;704
505011;705
1786268;705
2093738;705
249477;705
675346;706
692899;706
951933;706
1166122;706
1168991;706
1643702;706
249736;706
405002;707
1678482;707
2049817;707
250430;707
251134;708
375148;709
1068186;709
1328587;709
251150;709
966620;710
252403;710
1222234;711
252556;711
1196253;712
252796;712
702236;713
1158599;713
253140;713
919293;714
1775944;714
2027278;714
253178;714
497997;715
1825529;715
253203;715
847672;716
1159079;716
1209380;716
1468887;716
253216;716
254038;717
346577;718
455086;718
1614973;718
254576;718
1082610;719
1378496;719
1410786;719
255098;719
368123;720
1291862;720
1478553;720
1905460;720
255269;720
1232939;721
1419214;721
255331;721
265258;722
256075;722
621499;723
1721903;723
257276;723
1031930;724
1469109;724
1813385;724
2061347;724
257735;724
1000473;725
1860477;725
258843;725
927542;726
1521578;726
259174;726
298393;727
686305;727
748193;727
1232645;727
2075406;727
259236;727
1889675;728
259986;728
1441834;729
1694684;729
260080;729
710529;730
955585;730
1655550;730
2081799;730
260136;730
530079;731
1457313;731
1644823;731
260314;731
550075;732
1517749;732
1541626;732
261018;732
261021;733
796491;734
1060238;734
1287505;734
2067526;734
261452;734
1806891;735
261886;735
1581911;736
1648100;736
261976;736
470906;737
598893;737
1133806;737
264185;737
1174266;738
2039599;738
264321;738
264353;739
1570702;740
264367;740
1348369;741
1786577;741
265397;741
1496683;742
265730;742
566357;743
613565;743
937459;743
1060039;743
1324594;743
1566008;743
1940331;743
266303;743
1548729;744
2048286;744
266590;744
1765460;745
266949;745
904226;746
908157;746
1503338;746
1972410;746
267157;746
1680704;747
268143;747
521698;748
620119;748
1584564;748
268628;748
367517;749
1325405;749
1494148;749
268856;749
442925;750
1308960;750
1367476;750
2046019;750
269197;750
337056;751
1861533;751
1924631;751
269714;751
305509;752
502128;752
582660;752
270230;752
270465;753
457620;754
557816;754
270842;754
270989;755
271017;756
272033;757
643997;758
1328785;758
1507513;758
272432;758
1865358;759
2092979;759
272539;759
272624;760
567603;761
1398668;761
1597402;761
272671;761
293426;762
1254772;762
1446839;762
1617768;762
272673;762
1399755;763
1425469;763
1427875;763
1432187;763
1514680;763
1912012;763
273492;763
1346077;764
273501;764
273602;765
283252;766
365667;766
273748;766
274045;767
274315;768
1027797;769
1563921;769
274880;769
286985;770
510196;770
277532;770
867873;771
922651;771
1666428;771
277883;771
671599;772
1152260;772
278036;772
785868;773
1871522;773
278788;773
448928;774
1003800;774
1224841;774
1228776;774
278902;774
1319927;775
1604228;775
1666359;775
279070;775
304586;776
400555;776
1696282;776
279576;776
1449032;777
279658;777
511781;778
589598;778
813636;778
931049;778
963148;778
1032029;778
280439;778
1919993;779
281145;779
330233;780
564647;780
636823;780
808354;780
1348596;780
1495912;780
1948796;780
281389;780
579661;781
1132521;781
281931;781
1123459;782
1207997;782
1530273;782
1544747;782
281945;782
673982;783
1588685;783
281970;783
756153;784
845051;784
914298;784
1680940;784
1896535;784
1958633;784
281976;784
1103314;785
282044;785
991560;786
1474780;786
1505958;786
282427;786
284296;787
632432;788
284710;788
1413839;789
284737;789
684997;790
1057485;790
1699001;790
285099;790
285462;791
285718;792
514438;793
842853;793
1228166;793
1797161;793
1964725;793
285969;793
286181;794
444761;795
530908;795
810123;795
856067;795
1381640;795
1643467;795
1967769;795
286210;795
1254594;796
1924479;796
286974;796
891094;797
1508277;797
287114;797
358807;798
537923;798
1860323;798
287536;798
1217734;799
287831;799
754784;800
1600678;800
287993;800
288226;801
345382;802
1835505;802
288909;802
288988;803
1319731;804
1563653;804
1710420;804
1912164;804
289181;804
896833;805
1201562;805
289193;805
335895;806
607632;806
289304;806
1227542;807
1433135;807
289320;807
750190;808
928842;808
1614738;808
289513;808
1398476;809
289544;809
296930;810
1288890;810
1419745;810
1635124;810
290906;810
292339;811
2018366;812
292773;812
588743;813
930140;813
1432988;813
293217;813
828311;814
1683806;814
293893;814
1517572;815
2064523;815
293920;815
861721;816
1544061;816
1640420;816
2047772;816
294394;816
1080514;817
295498;817
372482;818
1725488;818
295558;818
752462;819
1531050;819
1753644;819
295951;819
448990;820
578244;820
1909876;820
296394;820
436970;821
1482124;821
296834;821
556558;822
1840629;822
297055;822
979804;823
297330;823
1326348;824
1699336;824
1770586;824
297403;824
1789672;825
297434;825
297504;826
642869;827
1316642;827
297564;827
460046;828
976794;828
297731;828
1642577;829
1814971;829
299151;829
504575;830
798854;830
1155666;830
1528551;830
1612730;830
299728;830
1425069;831
2083480;831
299987;831
896600;832
302440;832
919766;833
1350934;833
302469;833
302897;834
302996;835
659110;836
815184;836
304726;836
680685;837
870379;837
1829621;837
305083;837
305217;838
678435;839
707404;839
306582;839
938700;840
1551209;840
1641373;840
307084;840
362643;841
374500;841
442091;841
874520;841
1101361;841
1350010;841
1919486;841
1986321;841
2008857;841
307995;841
308426;842
947678;843
1063806;843
2045447;843
308581;843
391164;844
1577478;844
310642;844
812073;845
1541317;845
311016;845
1268045;846
1688728;846
311118;846
1357059;847
1876730;847
311788;847
905838;848
1314947;848
1364861;848
1687333;848
1770588;848
1815320;848
1900699;848
311902;848
323425;849
611748;849
1179694;849
312212;849
312794;850
471413;851
313835;851
731228;852
904030;852
1526716;852
1587254;852
314102;852
315369;853
858748;854
935851;854
1033825;854
1470665;854
1747940;854
1810761;854
315683;854
499292;855
588605;855
1405106;855
2058354;855
315807;855
489103;856
1223634;856
316335;856
588235;857
316746;857
345473;858
316759;858
317167;859
1001995;860
1207712;860
317768;860
1456081;861
1466831;861
1574620;861
317825;861
765755;862
1000708;862
318567;862
584017;863
673209;863
319620;863
1186227;864
1421737;864
320089;864
320392;865
1700188;866
320613;866
323527;867
809588;867
1884193;867
320895;867
1733342;868
321221;868
321864;869
697697;870
1406344;870
1494785;870
2013098;870
322191;870
520392;871
697375;871
862235;871
1284024;871
322642;871
395589;872
562787;872
1535398;872
1850052;872
322684;872
434699;873
716589;873
808533;873
1750208;873
323020;873
877935;874
1010436;874
1169971;874
323275;874
825934;875
1115160;875
1430203;875
323284;875
324556;876
809068;877
1357765;877
2060350;877
325522;877
801612;878
1818533;878
325925;878
326279;879
403407;880
1111880;880
1990829;880
326406;880
327024;881
1991946;882
2073377;882
327204;882
569511;883
1436347;883
1487775;883
1672180;883
327664;883
528118;884
789567;884
1990493;884
327665;884
327763;885
520054;886
1660730;886
1809394;886
328117;886
328274;887
984430;888
1133817;888
328315;888
328350;889
668344;890
329223;890
330141;891
1856072;892
330178;892
525464;893
645268;893
1706569;893
330183;893
380073;894
1624962;894
1926412;894
330649;894
1808763;895
330806;895
1185012;896
2065364;896
331284;896
588165;897
1244645;897
1306175;897
1963421;897
331659;897
1302010;898
1777690;898
2043819;898
332032;898
1196917;899
1957184;899
332566;899
1115809;900
1372248;900
1585018;900
1766909;900
1867519;900
332770;900
1482891;901
1509108;901
1614842;901
1722100;901
333160;901
333252;902
2023392;903
336328;903
336338;904
1536364;905
336419;905
580461;906
1522107;906
2081231;906
338530;906
605262;907
1108226;907
339342;907
339461;908
838576;909
340489;909
514645;910
564829;910
341110;910
1106618;911
1120636;911
1194932;911
1707191;911
341718;911
342549;912
1298260;913
1613471;913
343681;913
352070;914
1079786;914
1355372;914
344019;914
499838;915
344558;915
1223248;916
345237;916
653824;917
345363;917
442891;918
553559;918
891456;918
1702399;918
345707;918
1055602;919
345723;919
346005;920
765962;921
1453554;921
1454634;921
1646069;921
1849867;921
346215;921
617164;922
924388;922
1182572;922
1254510;922
346310;922
882177;923
1356350;923
347430;923
347770;924
880281;925
946785;925
1947452;925
347929;925
485227;926
861128;926
1083322;926
1165217;926
1401338;926
1415232;926
1815486;926
348210;926
405927;927
902530;927
1412361;927
1431931;927
1516371;927
1592157;927
1622819;927
348911;927
1205855;928
1531435;928
349713;928
1180872;929
1643449;929
349780;929
994330;930
1995537;930
350170;930
595122;931
701387;931
1334597;931
1559580;931
350312;931
1546077;932
1807303;932
350673;932
1360921;933
1836265;933
350693;933
1515466;934
350758;934
455733;935
840146;935
876940;935
1528827;935
351891;935
892578;936
1495984;936
1755750;936
352086;936
352434;937
1214638;938
1720691;938
1925756;938
352514;938
668846;939
1013169;939
1827552;939
352658;939
931476;940
963448;940
1751670;940
1836866;940
353069;940
987019;941
353188;941
1571786;942
1613057;942
2054472;942
353292;942
353418;943
659961;944
1342989;944
354785;944
1280718;945
1339043;945
1349798;945
355366;945
356121;946
1963731;947
356836;947
1835861;948
356903;948
643417;949
911693;949
1897793;949
357306;949
496882;950
616886;950
358018;950
401822;951
1507734;951
1723831;951
358241;951
1381867;952
1844973;952
2025920;952
2059098;952
358884;952
524922;953
844639;953
1080082;953
1196676;953
1458671;953
2015331;953
358901;953
490230;954
1376649;954
359236;954
1679381;955
1980233;955
2059479;955
359592;955
1151723;956
1190140;956
1296473;956
2037862;956
361239;956
361693;957
596343;958
605486;958
361919;958
910810;959
1369966;959
362987;959
367611;960
410130;960
364951;960
1019339;961
1120259;961
1180332;961
1615382;961
365108;961
365191;962
1109173;963
365242;963
365259;964
365617;965
1658611;966
1991041;966
365848;966
366288;967
368255;968
953856;969
1037450;969
1083077;969
1847830;969
368533;969
767055;970
1340958;970
1885029;970
369256;970
1314317;971
1876532;971
2012087;971
369375;971
369571;972
634474;973
1187497;973
2075504;973
370786;973
436644;974
535955;974
1160780;974
1595904;974
1651502;974
1910940;974
2026293;974
371008;974
957836;975
1012684;975
1709860;975
371807;975
610092;976
1487384;976
371935;976
478931;977
1446451;977
1933667;977
373254;977
415286;978
786362;978
1401754;978
373764;978
1504228;979
1643707;979
1989148;979
374188;979
967137;980
375297;980
821837;981
839308;981
1495587;981
1633558;981
1744503;981
1996962;981
376187;981
1890620;982
377275;982
748872;983
2037361;983
377623;983
1188052;984
1501168;984
1595964;984
377652;984
734438;985
876933;985
1188711;985
377757;985
445000;986
570066;986
780918;986
1670140;986
378097;986
737117;987
764045;987
1604621;987
378099;987
1118117;988
1265366;988
1287457;988
378875;988
381150;989
450381;990
562000;990
896787;990
962347;990
1046898;990
1415184;990
1796799;990
1813438;990
382158;990
740577;991
1451935;991
1481697;991
382206;991
382668;992
971995;993
382933;993
984793;994
1104900;994
1324777;994
1759251;994
1916502;994
383055;994
1401128;995
2028347;995
383251;995
383458;996
383773;997
1147490;998
384714;998
384823;999
968918;1000
1621338;1000
1774097;1000
385603;1000
522032;1001
715073;1001
1192408;1001
385618;1001
904529;1002
1318265;1002
1425356;1002
386182;1002
386585;1003
638668;1004
386611;1004
461180;1005
1022339;1005
1707018;1005
2090710;1005
387010;1005
568852;1006
1573071;1006
387139;1006
812224;1007
1219287;1007
1284691;1007
1336706;1007
388355;1007
388680;1008
389537;1009
884969;1010
1287017;1010
389663;1010
819126;1011
1244181;1011
1924604;1011
389918;1011
688489;1012
390112;1012
549131;1013
1725378;1013
1799629;1013
2078973;1013
391301;1013
1311459;1014
391593;1014
848245;1015
922969;1015
1687464;1015
1692042;1015
2059110;1015
392160;1015
392180;1016
800878;1017
1584300;1017
2042333;1017
394459;1017
1838599;1018
394482;1018
395694;1019
1455657;1020
396049;1020
502803;1021
1228230;1021
1535918;1021
1615853;1021
1700246;1021
396329;1021
685952;1022
1017319;1022
1412369;1022
398190;1022
398292;1023
605197;1024
984067;1024
398386;1024
675561;1025
398396;1025
668662;1026
398504;1026
398618;1027
1382429;1028
1491001;1028
1910777;1028
399477;1028
1589022;1029
399762;1029
1964353;1030
400052;1030
657292;1031
759792;1031
782299;1031
869366;1031
1130942;1031
1138370;1031
1152794;1031
1191147;1031
1763220;1031
400344;1031
916428;1032
1648997;1032
400873;1032
1022662;1033
1216882;1033
1261583;1033
401037;1033
403432;1034
678625;1035
2064613;1035
403474;1035
1026104;1036
1933914;1036
403725;1036
1946527;1037
2092930;1037
403840;1037
528510;1038
1179533;1038
403873;1038
710382;1039
403947;1039
812472;1040
404079;1040
404087;1041
1429428;1042
1486793;1042
404876;1042
677703;1043
993331;1043
1038241;1043
1244573;1043
1257525;1043
1305074;1043
2079223;1043
405852;1043
419717;1044
759216;1044
1625746;1044
1726489;1044
405999;1044
1109328;1045
406542;1045
679139;1046
1050842;1046
1137983;1046
1164114;1046
1203764;1046
1250778;1046
1699226;1046
1706585;1046
2025633;1046
406760;1046
1343302;1047
1852869;1047
2048537;1047
406961;1047
516298;1048
407716;1048
813863;1049
1906865;1049
408230;1049
902902;1050
408469;1050
1524632;1051
1857947;1051
1956928;1051
409137;1051
690877;1052
1139385;1052
1285384;1052
409623;1052
1210755;1053
410149;1053
410496;1054
613750;1055
630239;1055
883270;1055
896882;1055
1010732;1055
410505;1055
411180;1056
637270;1057
2092963;1057
412000;1057
412282;1058
1147405;1059
1311571;1059
413484;1059
476635;1060
588529;1060
1688901;1060
414135;1060
420345;1061
500451;1061
667374;1061
2049559;1061
414676;1061
1016471;1062
1856188;1062
414954;1062
1010409;1063
415925;1063
911069;1064
1158750;1064
416171;1064
428418;1065
1518270;1065
1589170;1065
416647;1065
461004;1066
1502920;1066
416790;1066
844017;1067
1792159;1067
416892;1067
450460;1068
495857;1068
1282445;1068
1353161;1068
1568439;1068
1780934;1068
417142;1068
863011;1069
1462740;1069
417570;1069
564436;1070
1645095;1070
417669;1070
420195;1071
525272;1072
677275;1072
710019;1072
862836;1072
1208888;1072
1230569;1072
1406931;1072
1938374;1072
2095479;1072
420626;1072
1615253;1073
421589;1073
1067283;1074
2048594;1074
422069;1074
422300;1075
1115434;1076
1141551;1076
1679652;1076
2061796;1076
423283;1076
423379;1077
1379586;1078
423861;1078
996950;1079
425037;1079
428879;1080
693134;1080
1144742;1080
427006;1080
960881;1081
427497;1081
877519;1082
959137;1082
427670;1082
897814;1083
935358;1083
1061985;1083
1585470;1083
427720;1083
863249;1084
1868763;1084
428152;1084
428884;1085
780944;1086
792368;1086
982692;1086
1415191;1086
1810596;1086
1985523;1086
429404;1086
429515;1087
430595;1088
430614;1089
477168;1090
431280;1090
1378816;1091
2083878;1091
431551;1091
502769;1092
834723;1092
1407515;1092
432035;1092
777056;1093
912353;1093
1431376;1093
1490462;1093
1532810;1093
1766662;1093
1913329;1093
432089;1093
2090041;1094
432979;1094
770923;1095
929532;1095
433010;1095
1751389;1096
1909440;1096
434825;1096
434962;1097
2049088;1098
435513;1098
1779939;1099
1868658;1099
436515;1099
1851936;1100
436850;1100
562139;1101
436886;1101
436990;1102
437077;1103
492817;1104
831322;1104
1428368;1104
2047184;1104
438404;1104
1034332;1105
438450;1105
596918;1106
625062;1106
1317018;1106
1862203;1106
438504;1106
439328;1107
439435;1108
439907;1109
440242;1110
1025037;1111
1040124;1111
1669471;1111
440437;1111
441755;1112
750724;1113
1276365;1113
442451;1113
442914;1114
735477;1115
1879195;1115
443085;1115
967374;1116
1642949;1116
443149;1116
886431;1117
1755554;1117
1966966;1117
443367;1117
862848;1118
1538270;1118
1991125;1118
443480;1118
692554;1119
807812;1119
1055682;1119
1731980;1119
443721;1119
444736;1120
801502;1121
827053;1121
1938501;1121
445484;1121
514417;1122
590805;1122
620184;1122
1594753;1122
1848459;1122
1952914;1122
445493;1122
868693;1123
1044391;1123
1931423;1123
446303;1123
1172699;1124
1577212;1124
1807704;1124
446479;1124
800528;1125
855137;1125
446674;1125
1072382;1126
1644347;1126
1647710;1126
448949;1126
1593608;1127
449035;1127
821526;1128
1015080;1128
1250950;1128
1340914;1128
1368412;1128
1541032;1128
1629849;1128
449362;1128
986538;1129
2055243;1129
449513;1129
480467;1130
1047819;1130
449821;1130
1574967;1131
1737013;1131
1812068;1131
450819;1131
707450;1132
786928;1132
1115437;1132
1307549;1132
1741732;1132
2025345;1132
451650;1132
662057;1133
1416498;1133
452016;1133
617679;1134
1039958;1134
1506038;1134
1730737;1134
1828054;1134
453253;1134
867286;1135
1198178;1135
1788664;1135
453840;1135
494252;1136
720589;1136
1127216;1136
1187061;1136
1562186;1136
1843798;1136
454701;1136
972256;1137
454814;1137
503736;1138
566139;1138
709987;1138
1749673;1138
1797386;1138
1899097;1138
455359;1138
455752;1139
1542097;1140
1696675;1140
456708;1140
897528;1141
1861415;1141
457576;1141
1323128;1142
1968885;1142
457590;1142
622118;1143
1118561;1143
1230650;1143
457826;1143
584178;1144
458247;1144
630410;1145
912123;1145
458709;1145
1097239;1146
1404251;1146
459469;1146
1854510;1147
459917;1147
876503;1148
920179;1148
1606016;1148
1844303;1148
460384;1148
460630;1149
473285;1150
1752123;1150
2021040;1150
460752;1150
749491;1151
1590133;1151
1874212;1151
461118;1151
492765;1152
610522;1152
461178;1152
594501;1153
784969;1153
461226;1153
866988;1154
461824;1154
834854;1155
1453423;1155
1619770;1155
461971;1155
1357680;1156
1952264;1156
2014265;1156
462275;1156
798559;1157
823816;1157
462283;1157
908358;1158
941716;1158
1220171;1158
462367;1158
703296;1159
985277;1159
992045;1159
1300247;1159
1388162;1159
1800174;1159
462736;1159
464613;1160
464830;1161
1000959;1162
1950711;1162
465043;1162
465739;1163
465853;1164
1050367;1165
1243283;1165
1675114;1165
1981514;1165
466868;1165
539386;1166
1108132;1166
1731054;1166
468242;1166
570456;1167
1425300;1167
1565792;1167
468434;1167
819081;1168
903704;1168
1205005;1168
469017;1168
1012604;1169
469296;1169
469357;1170
1324667;1171
1942911;1171
473365;1171
1107698;1172
2047018;1172
2067907;1172
473436;1172
1559770;1173
473528;1173
1925213;1174
474236;1174
474586;1175
495118;1176
1075885;1176
1179385;1176
1190131;1176
1692922;1176
1799299;1176
474742;1176
474843;1177
475197;1178
660712;1179
932002;1179
1264105;1179
1301962;1179
476385;1179
952202;1180
1128427;1180
476784;1180
1447229;1181
1882507;1181
2071991;1181
477481;1181
478052;1182
1475268;1183
478999;1183
479734;1184
652247;1185
777472;1185
1594269;1185
481736;1185
985063;1186
990711;1186
1152015;1186
1180493;1186
1218278;1186
1382309;1186
1656581;1186
1915615;1186
1965323;1186
482636;1186
1279196;1187
1385263;1187
1646340;1187
1892771;1187
484032;1187
1014777;1188
1143818;1188
484938;1188
859841;1189
1010782;1189
484953;1189
1299176;1190
1694681;1190
485035;1190
1151026;1191
1636956;1191
486767;1191
1703093;1192
487124;1192
487752;1193
864833;1194
1281274;1194
488095;1194
2025152;1195
488434;1195
1523762;1196
488621;1196
488651;1197
755670;1198
1117142;1198
1912242;1198
488903;1198
724350;1199
1754715;1199
489641;1199
908932;1200
1704953;1200
490983;1200
1364785;1201
1931298;1201
491082;1201
491520;1202
579170;1203
492127;1203
563791;1204
1373881;1204
492741;1204
1647955;1205
493408;1205
493894;1206
617404;1207
1348185;1207
1792157;1207
494142;1207
494245;1208
1011648;1209
1764383;1209
494878;1209
670911;1210
766104;1210
1227589;1210
1389886;1210
495670;1210
1700399;1211
495864;1211
497553;1212
861665;1213
917809;1213
499275;1213
500084;1214
1217570;1215
1535493;1215
1858400;1215
500358;1215
2064706;1216
500985;1216
1055496;1217
1188585;1217
1330222;1217
1443061;1217
501107;1217
1825154;1218
1856774;1218
501640;1218
1135698;1219
1234250;1219
1734511;1219
1888362;1219
502192;1219
1351591;1220
1776406;1220
502982;1220
503822;1221
1744199;1222
2078034;1222
503970;1222
777155;1223
1623195;1223
1850952;1223
504085;1223
1144531;1224
1182162;1224
1266325;1224
504194;1224
981849;1225
999412;1225
1483661;1225
1538874;1225
504412;1225
504450;1226
777171;1227
1683856;1227
2080929;1227
505182;1227
662203;1228
1075377;1228
1521122;1228
505613;1228
509717;1229
780482;1230
1052955;1230
1682847;1230
1907385;1230
510119;1230
694491;1231
510394;1231
511389;1232
715995;1233
1091834;1233
512191;1233
512609;1234
651950;1235
825258;1235
513541;1235
2033656;1236
514226;1236
1087254;1237
516163;1237
1493237;1238
2042986;1238
2043641;1238
516705;1238
694642;1239
1669163;1239
1829612;1239
517533;1239
1189975;1240
1360829;1240
1366396;1240
1524051;1240
518085;1240
520109;1241
520524;1242
521178;1243
1537168;1244
1898284;1244
521692;1244
644885;1245
1629516;1245
521750;1245
1237157;1246
521943;1246
2000894;1247
522186;1247
732943;1248
522249;1248
1243032;1249
2001629;1249
522415;1249
523378;1250
523641;1251
1545631;1252
523801;1252
523977;1253
1214078;1254
524002;1254
1688339;1255
524412;1255
524698;1256
1583272;1257
524840;1257
746798;1258
780945;1258
1410952;1258
1600300;1258
1634102;1258
2032594;1258
525168;1258
782664;1259
525828;1259
976760;1260
1400639;1260
1898809;1260
525889;1260
688993;1261
1862404;1261
1931837;1261
2086443;1261
526065;1261
1827088;1262
526649;1262
526691;1263
678292;1264
1124207;1264
1485118;1264
1852009;1264
1894509;1264
527263;1264
586980;1265
1179621;1265
1345537;1265
1485035;1265
527615;1265
527693;1266
1161194;1267
1315762;1267
527768;1267
528530;1268
1033530;1269
1190151;1269
1752775;1269
530390;1269
993422;1270
1443105;1270
1868780;1270
531594;1270
1120728;1271
1190174;1271
1371050;1271
2035573;1271
531900;1271
532203;1272
1500095;1273
1747401;1273
532358;1273
714076;1274
1455313;1274
532442;1274
533015;1275
610091;1276
1596880;1276
1811027;1276
533215;1276
587327;1277
1376839;1277
1579655;1277
1846450;1277
533656;1277
818401;1278
1118416;1278
1491083;1278
534574;1278
535082;1279
535703;1280
1743755;1281
537511;1281
898597;1282
1192940;1282
2048749;1282
538137;1282
538711;1283
539017;1284
2065333;1285
2073899;1285
539385;1285
1371861;1286
1373614;1286
1804733;1286
539562;1286
1718796;1287
1974140;1287
539609;1287
539617;1288
737575;1289
798869;1289
871111;1289
1902375;1289
1934504;1289
539865;1289
662929;1290
972476;1290
1924109;1290
540831;1290
974401;1291
1184040;1291
1689493;1291
540855;1291
824415;1292
1293651;1292
1532837;1292
541701;1292
1020698;1293
1774518;1293
2050680;1293
543133;1293
1458508;1294
543291;1294
545196;1295
660361;1296
1500010;1296
1546991;1296
545891;1296
1317574;1297
1510967;1297
1742829;1297
546233;1297
665399;1298
1108165;1298
1269117;1298
1748076;1298
546414;1298
924677;1299
1841545;1299
2011569;1299
546985;1299
1562922;1300
547435;1300
787178;1301
1341234;1301
1411863;1301
1736898;1301
1811495;1301
1959300;1301
547951;1301
716162;1302
866321;1302
548110;1302
2022204;1303
548151;1303
548950;1304
549068;1305
1355576;1306
1411540;1306
1593503;1306
549101;1306
1388104;1307
1410896;1307
549257;1307
1329392;1308
1529701;1308
1696314;1308
1728252;1308
549264;1308
942243;1309
1415819;1309
550794;1309
551078;1310
1279558;1311
1937289;1311
551143;1311
724552;1312
1229466;1312
552191;1312
1123691;1313
1151517;1313
552932;1313
554218;1314
658223;1315
939927;1315
1115813;1315
1521686;1315
554479;1315
556071;1316
647774;1317
2031481;1317
556129;1317
795389;1318
895792;1318
556195;1318
863925;1319
1668273;1319
557591;1319
557608;1320
557868;1321
1243914;1322
1269504;1322
1846142;1322
558196;1322
558950;1323
560100;1324
560114;1325
1321313;1326
1901230;1326
1905354;1326
560932;1326
1359790;1327
1758039;1327
2073230;1327
561717;1327
562597;1328
562794;1329
927184;1330
956415;1330
1572097;1330
563570;1330
564169;1331
1016895;1332
1103365;1332
1197255;1332
564293;1332
2096096;1333
564730;1333
565351;1334
565653;1335
587358;1336
565854;1336
731580;1337
1132882;1337
567024;1337
835984;1338
1389673;1338
1400270;1338
569764;1338
1218201;1339
1680353;1339
570267;1339
1235903;1340
2085269;1340
570540;1340
662758;1341
1318711;1341
570744;1341
570749;1342
1060589;1343
1364982;1343
1523396;1343
571405;1343
571588;1344
573237;1345
573534;1346
573959;1347
1822171;1348
574013;1348
1771428;1349
1789921;1349
1958692;1349
2088508;1349
574985;1349
575073;1350
1495702;1351
2058029;1351
575123;1351
575508;1352
782954;1353
1456070;1353
2015715;1353
576639;1353
584252;1354
920764;1354
1122941;1354
1502925;1354
576890;1354
1099060;1355
1225597;1355
1268119;1355
1671438;1355
1750809;1355
2053111;1355
577512;1355
577530;1356
577571;1357
2037687;1358
577784;1358
1975435;1359
2002872;1359
578682;1359
673451;1360
910527;1360
1177549;1360
1875935;1360
579220;1360
809759;1361
870731;1361
909448;1361
995009;1361
1009183;1361
1029098;1361
1213942;1361
1446911;1361
1664957;1361
1724732;1361
579564;1361
611145;1362
1532681;1362
580188;1362
838917;1363
1143856;1363
1223310;1363
1267918;1363
1537207;1363
580785;1363
980571;1364
1552550;1364
580975;1364
982081;1365
1394572;1365
581500;1365
1246261;1366
1669211;1366
1814974;1366
2002193;1366
584464;1366
782960;1367
1399718;1367
1825773;1367
584529;1367
1522082;1368
1807255;1368
584930;1368
585722;1369
587055;1370
1368712;1371
589093;1371
1736555;1372
1846955;1372
590079;1372
645418;1373
1865549;1373
590658;1373
1253108;1374
1982133;1374
590785;1374
590879;1375
682565;1376
1609012;1376
1717998;1376
1817483;1376
1929446;1376
2096426;1376
591023;1376
1233506;1377
1273322;1377
1353156;1377
591107;1377
1104960;1378
1156557;1378
1669204;1378
591590;1378
1502858;1379
591639;1379
832662;1380
1114109;1380
1124046;1380
1198534;1380
1424087;1380
1534016;1380
1571183;1380
591820;1380
775152;1381
816099;1381
1251229;1381
1554590;1381
592271;1381
592404;1382
1915282;1383
592440;1383
1719710;1384
1932102;1384
593137;1384
1354188;1385
593157;1385
593798;1386
993663;1387
594316;1387
828414;1388
596000;1388
1492802;1389
596077;1389
1027276;1390
1104264;1390
1566005;1390
596157;1390
963165;1391
1829433;1391
1831774;1391
596632;1391
596672;1392
923070;1393
1032807;1393
1159821;1393
597853;1393
1026614;1394
1488954;1394
1638453;1394
598015;1394
925094;1395
1539142;1395
598194;1395
598945;1396
692637;1397
810843;1397
599606;1397
599804;1398
600044;1399
1063052;1400
600806;1400
613045;1401
1586218;1401
1647231;1401
601132;1401
668727;1402
1350927;1402
1567713;1402
601942;1402
710974;1403
603369;1403
603629;1404
1229444;1405
1233488;1405
605020;1405
753593;1406
1157259;1406
1987401;1406
606180;1406
1513120;1407
606198;1407
810496;1408
607854;1408
815642;1409
1996760;1409
608152;1409
1358002;1410
609983;1410
827020;1411
969451;1411
610043;1411
775457;1412
1638974;1412
1696511;1412
610835;1412
611409;1413
958832;1414
1071486;1414
1778519;1414
611642;1414
866007;1415
612084;1415
1237644;1416
612108;1416
856673;1417
612370;1417
709900;1418
612934;1418
718149;1419
929523;1419
1882702;1419
613217;1419
1407159;1420
1606361;1420
613223;1420
1202975;1421
1834023;1421
613971;1421
779318;1422
971859;1422
1180447;1422
2084435;1422
614253;1422
614566;1423
1478594;1424
615627;1424
864736;1425
1430257;1425
616395;1425
617788;1426
617956;1427
1327109;1428
1862216;1428
1946853;1428
617974;1428
1544708;1429
618369;1429
1204799;1430
1484161;1430
2037467;1430
618380;1430
644080;1431
768020;1431
1679104;1431
1741587;1431
1807223;1431
2065050;1431
618887;1431
1148243;1432
1297787;1432
1765818;1432
619064;1432
1427241;1433
2035982;1433
619341;1433
802705;1434
1316272;1434
2018880;1434
619449;1434
620478;1435
752733;1436
1140239;1436
1482730;1436
620699;1436
1263214;1437
1503440;1437
624187;1437
831782;1438
624375;1438
1038735;1439
2037056;1439
624494;1439
1827524;1440
1896995;1440
625289;1440
925322;1441
1234723;1441
625731;1441
953336;1442
970547;1442
1101472;1442
1130496;1442
1283332;1442
1632214;1442
626177;1442
760539;1443
1146988;1443
627378;1443
980947;1444
1683445;1444
1970273;1444
627904;1444
628480;1445
894820;1446
1461817;1446
629314;1446
629339;1447
1200408;1448
1713825;1448
630304;1448
631146;1449
635075;1450
974810;1451
1337430;1451
1981451;1451
2004343;1451
635721;1451
1020418;1452
1028085;1452
1360715;1452
637018;1452
637544;1453
637839;1454
769058;1455
1560783;1455
1866790;1455
637878;1455
1127979;1456
639120;1456
910911;1457
1295719;1457
1765880;1457
639148;1457
640518;1458
1978512;1459
641397;1459
1164615;1460
1431814;1460
642580;1460
644244;1461
1817165;1462
645229;1462
803659;1463
866636;1463
1132417;1463
1281551;1463
1681146;1463
1895027;1463
1953077;1463
645300;1463
647574;1464
859113;1465
1730482;1465
647751;1465
1052726;1466
1075446;1466
1600283;1466
2068577;1466
649981;1466
650064;1467
1337011;1468
1860348;1468
650127;1468
829928;1469
871859;1469
1121686;1469
1584543;1469
650299;1469
1182950;1470
1356855;1470
650501;1470
1038782;1471
1143660;1471
1401512;1471
651242;1471
655378;1472
1241159;1473
2063333;1473
655459;1473
749964;1474
794083;1474
1633457;1474
656653;1474
894840;1475
1676388;1475
657862;1475
947820;1476
1278084;1476
658367;1476
1349555;1477
1713332;1477
659383;1477
1283631;1478
1554087;1478
660551;1478
661855;1479
662174;1480
827113;1481
1725950;1481
663299;1481
777974;1482
855493;1482
878306;1482
1283037;1482
663688;1482
664389;1483
1918785;1484
664771;1484
665529;1485
938274;1486
666974;1486
1468523;1487
667990;1487
1901189;1488
668484;1488
1318453;1489
668834;1489
669058;1490
1946714;1491
1979770;1491
1981099;1491
669587;1491
727222;1492
670536;1492
1024864;1493
1152327;1493
1176894;1493
1207949;1493
671536;1493
1758925;1494
671740;1494
671868;1495
680994;1496
708734;1496
854332;1496
1093657;1496
671931;1496
1518130;1497
672011;1497
672552;1498
1887360;1499
672903;1499
1314513;1500
1828090;1500
674952;1500
1725352;1501
674984;1501
869478;1502
675612;1502
675710;1503
1469139;1504
1760458;1504
676274;1504
676667;1505
678349;1506
680236;1507
681480;1508
731538;1509
760351;1509
799236;1509
1246652;1509
681615;1509
966068;1510
1759789;1510
681821;1510
682679;1511
814523;1512
836420;1512
1528850;1512
1980754;1512
682722;1512
1721166;1513
1732683;1513
683323;1513
1616457;1514
1814012;1514
683399;1514
1663312;1515
684948;1515
1061215;1516
1350922;1516
2042862;1516
685539;1516
685884;1517
686158;1518
1119629;1519
686397;1519
1385557;1520
1711423;1520
686826;1520
687631;1521
721425;1522
985195;1522
1107833;1522
1540146;1522
688018;1522
1412312;1523
1555697;1523
1960404;1523
688553;1523
702381;1524
1309692;1524
2066984;1524
688770;1524
721606;1525
1440071;1525
688978;1525
1316277;1526
1702624;1526
1819725;1526
689950;1526
1945950;1527
691411;1527
737363;1528
899077;1528
1916403;1528
692349;1528
982050;1529
1421988;1529
692491;1529
1361849;1530
1605651;1530
695430;1530
697057;1531
698208;1532
884409;1533
1062209;1533
699809;1533
1629728;1534
1953292;1534
700571;1534
756207;1535
1171588;1535
1236996;1535
700896;1535
981100;1536
701314;1536
1317846;1537
702499;1537
702567;1538
1527648;1539
1998550;1539
2087553;1539
704004;1539
704292;1540
705064;1541
920654;1542
954277;1542
1666800;1542
705530;1542
1085806;1543
1453012;1543
705880;1543
706796;1544
732769;1545
1098079;1545
1701178;1545
708024;1545
714380;1546
935776;1546
1125646;1546
1449824;1546
1683303;1546
708080;1546
708696;1547
709279;1548
1652795;1549
1887458;1549
709833;1549
975788;1550
711106;1550
711301;1551
1649471;1552
712357;1552
1084813;1553
1863696;1553
712463;1553
713519;1554
1230425;1555
713935;1555
1199860;1556
1870869;1556
714084;1556
888773;1557
943342;1557
1456595;1557
714587;1557
1996147;1558
714788;1558
1491271;1559
715332;1559
715722;1560
745214;1561
1634680;1561
1739657;1561
716093;1561
1091602;1562
716840;1562
1216041;1563
2025656;1563
718869;1563
930115;1564
1731611;1564
2089746;1564
723424;1564
1297877;1565
1652892;1565
1999729;1565
723831;1565
1132855;1566
724491;1566
1476708;1567
1621157;1567
725749;1567
726657;1568
726680;1569
1652559;1570
2008818;1570
727327;1570
832467;1571
727632;1571
1491187;1572
2057828;1572
729373;1572
1095102;1573
1592785;1573
1753569;1573
730487;1573
861673;1574
1599181;1574
1968164;1574
730966;1574
2041025;1575
731008;1575
732739;1576
733475;1577
1079812;1578
735230;1578
807150;1579
833215;1579
958740;1579
1396634;1579
1995877;1579
2082556;1579
736285;1579
736288;1580
736972;1581
1416805;1582
1576656;1582
1744789;1582
1880893;1582
2082743;1582
2096093;1582
739490;1582
740139;1583
741636;1584
1059534;1585
1324241;1585
1872260;1585
741665;1585
745324;1586
745640;1587
1106029;1588
746010;1588
868421;1589
891298;1589
1050903;1589
1833519;1589
747172;1589
1284960;1590
2074808;1590
747874;1590
949321;1591
1264207;1591
1571576;1591
748070;1591
1099801;1592
1628945;1592
748917;1592
1126403;1593
1140606;1593
749044;1593
794235;1594
1414463;1594
1427761;1594
1520148;1594
749425;1594
750163;1595
1511028;1596
750540;1596
1120019;1597
1361869;1597
1442430;1597
751565;1597
752231;1598
752256;1599
1309765;1600
1436513;1600
1525009;1600
752768;1600
1438922;1601
1536811;1601
1972819;1601
754688;1601
1196231;1602
1707341;1602
1807033;1602
754726;1602
757027;1603
757916;1604
1437652;1605
1669061;1605
1850297;1605
757980;1605
1013867;1606
1552759;1606
1662990;1606
1715281;1606
2025534;1606
760316;1606
1115391;1607
761803;1607
782811;1608
2017557;1608
764663;1608
766183;1609
766218;1610
1064643;1611
1774287;1611
767004;1611
769171;1612
1784999;1613
769435;1613
1312372;1614
1950073;1614
770804;1614
772368;1615
1132076;1616
774775;1616
974088;1617
1934078;1617
774876;1617
1528847;1618
775758;1618
915755;1619
775927;1619
1452666;1620
776776;1620
1245603;1621
1883690;1621
777006;1621
777421;1622
777486;1623
851838;1624
1867239;1624
778821;1624
1766609;1625
780915;1625
782351;1626
1007980;1627
1118070;1627
1233136;1627
784784;1627
786425;1628
788374;1629
941552;1630
1877305;1630
788489;1630
788576;1631
788735;1632
788910;1633
1450473;1634
790422;1634
1374949;1635
791316;1635
1179412;1636
1510129;1636
792475;1636
793595;1637
802229;1638
1628043;1638
1775395;1638
794494;1638
805788;1639
1711010;1639
795160;1639
810735;1640
1082547;1640
1346967;1640
1490672;1640
1692925;1640
795257;1640
872658;1641
1072283;1641
1749728;1641
795630;1641
795931;1642
856425;1643
795970;1643
2007242;1644
797787;1644
798967;1645
1486420;1646
1951032;1646
1989115;1646
801477;1646
956251;1647
1097275;1647
1491611;1647
1713236;1647
801511;1647
1510351;1648
802388;1648
838747;1649
1562101;1649
1609038;1649
2093322;1649
806419;1649
1111309;1650
1128912;1650
806422;1650
1092913;1651
1242053;1651
1409279;1651
807615;1651
1716042;1652
1897254;1652
1942851;1652
808515;1652
1156573;1653
808776;1653
1995311;1654
808815;1654
1007934;1655
809175;1655
1431688;1656
1699374;1656
1815356;1656
809231;1656
810212;1657
811009;1658
811616;1659
1229505;1660
813641;1660
1302999;1661
814391;1661
1222479;1662
814577;1662
1143933;1663
1252175;1663
1597382;1663
816259;1663
816686;1664
816813;1665
883537;1666
1173853;1666
1475762;1666
2031466;1666
817013;1666
985107;1667
1764153;1667
818140;1667
818409;1668
818411;1669
1790293;1670
1933119;1670
818521;1670
1431587;1671
1437168;1671
1820604;1671
1934406;1671
819140;1671
1142664;1672
1399307;1672
819869;1672
1383071;1673
1720344;1673
821176;1673
1180823;1674
1512542;1674
822384;1674
822775;1675
822936;1676
1016199;1677
1042406;1677
1229231;1677
823301;1677
1279908;1678
823949;1678
1106024;1679
1328062;1679
1725042;1679
824041;1679
825652;1680
927850;1681
1152737;1681
1733831;1681
827231;1681
912623;1682
915409;1682
827251;1682
1406300;1683
1869353;1683
1913015;1683
1935961;1683
1955415;1683
828737;1683
1059148;1684
1466759;1684
830550;1684
854868;1685
1085001;1685
1134800;1685
1203411;1685
1262651;1685
1320649;1685
1964024;1685
831739;1685
832505;1686
1209474;1687
833459;1687
1134897;1688
833743;1688
849388;1689
962936;1689
834954;1689
1101250;1690
1969647;1690
2007070;1690
835106;1690
1988493;1691
835640;1691
1140651;1692
836400;1692
1849728;1693
836515;1693
1771970;1694
836726;1694
1009817;1695
836758;1695
1169631;1696
1760535;1696
1953744;1696
2012017;1696
837420;1696
845407;1697
837947;1697
837989;1698
838026;1699
1165390;1700
839555;1700
840358;1701
841206;1702
843142;1703
841348;1703
841552;1704
1910253;1705
841993;1705
1375098;1706
843206;1706
880814;1707
906856;1707
1476320;1707
844016;1707
2087596;1708
844301;1708
854137;1709
1360141;1709
1749818;1709
1889086;1709
844319;1709
1520595;1710
1966484;1710
844689;1710
845135;1711
855159;1712
1225156;1712
1464622;1712
1522163;1712
1528668;1712
846280;1712
846631;1713
1651203;1714
847368;1714
1094972;1715
1118385;1715
1252410;1715
1326699;1715
847749;1715
904539;1716
1620496;1716
1936602;1716
1947014;1716
848155;1716
848800;1717
1428027;1718
1632547;1718
849110;1718
849521;1719
849807;1720
850324;1721
945461;1722
850606;1722
1190838;1723
1386980;1723
1405427;1723
1488117;1723
1570913;1723
1731332;1723
851421;1723
1186904;1724
851555;1724
912171;1725
1048587;1725
1605726;1725
1984690;1725
852664;1725
1175862;1726
1192765;1726
853432;1726
1735326;1727
854341;1727
1039780;1728
1905048;1728
2088376;1728
855326;1728
855712;1729
856455;1730
859038;1731
860381;1732
898709;1733
1141915;1733
860426;1733
1059914;1734
1227009;1734
860772;1734
861939;1735
862889;1736
1710455;1737
864018;1737
1675130;1738
864342;1738
1769465;1739
864454;1739
1561994;1740
864634;1740
1206646;1741
1310461;1741
1796806;1741
865019;1741
1836250;1742
866490;1742
976932;1743
868222;1743
868390;1744
870289;1745
1053453;1746
871672;1746
872585;1747
2027515;1748
872624;1748
873560;1749
874070;1750
874447;1751
874650;1752
875548;1753
921842;1754
1156879;1754
878162;1754
1062421;1755
1816522;1755
878407;1755
879534;1756
1375106;1757
2056236;1757
879813;1757
1670498;1758
879932;1758
1235058;1759
880619;1759
881043;1760
884260;1761
1216773;1762
1406001;1762
884921;1762
1277112;1763
1282103;1763
1675566;1763
2006664;1763
885164;1763
885299;1764
1234191;1765
885675;1765
1291721;1766
1748876;1766
885725;1766
969955;1767
1806328;1767
886397;1767
1081334;1768
1162307;1768
2051376;1768
887872;1768
1196999;1769
1403341;1769
888391;1769
889064;1770
1152153;1771
1180391;1771
1483318;1771
1931664;1771
892547;1771
2043905;1772
892626;1772
893229;1773
894080;1774
896061;1775
896394;1776
1392907;1777
1399218;1777
1721744;1777
1725194;1777
896617;1777
939722;1778
1101277;1778
1948129;1778
899941;1778
900405;1779
1853179;1780
901374;1780
901652;1781
903174;1782
903769;1783
904007;1784
1225068;1785
1297177;1785
905327;1785
1206441;1786
1596600;1786
1963788;1786
905400;1786
905938;1787
906235;1788
1611198;1789
2091593;1789
909165;1789
1574042;1790
1743013;1790
1763939;1790
910050;1790
1025627;1791
1188663;1791
1287583;1791
1312391;1791
1643102;1791
1718759;1791
1878897;1791
1985807;1791
2088259;1791
910112;1791
1984722;1792
912624;1792
1636112;1793
912864;1793
913511;1794
916734;1795
1342183;1796
917279;1796
1106452;1797
1547937;1797
1683668;1797
917355;1797
1179337;1798
1696476;1798
1820141;1798
918004;1798
1896771;1799
2045080;1799
919488;1799
919861;1800
1115919;1801
1447331;1801
921294;1801
1295204;1802
1991023;1802
921389;1802
921700;1803
944383;1804
1091843;1804
1333235;1804
1346982;1804
1433466;1804
921765;1804
921888;1805
1369240;1806
1635641;1806
923760;1806
1337447;1807
1463294;1807
1509959;1807
924719;1807
925219;1808
1350073;1809
1406861;1809
1515197;1809
1594599;1809
926364;1809
1261887;1810
1453878;1810
926581;1810
928330;1811
2046799;1812
928491;1812
1371819;1813
1495221;1813
1661061;1813
929088;1813
930960;1814
1092780;1815
1853972;1815
931560;1815
1518067;1816
1985939;1816
2070119;1816
932809;1816
934929;1817
1419296;1818
1904922;1818
935265;1818
1557603;1819
1644063;1819
1812418;1819
935954;1819
936244;1820
1664740;1821
937009;1821
937230;1822
938574;1823
939665;1824
940341;1825
987998;1826
1109234;1826
2091632;1826
940564;1826
941235;1827
942816;1828
943665;1829
1501470;1830
943910;1830
1313613;1831
1629394;1831
944133;1831
1820567;1832
2089891;1832
944823;1832
946134;1833
946866;1834
1343934;1835
1515950;1835
947415;1835
947419;1836
1349279;1837
947572;1837
963275;1838
947796;1838
948452;1839
1155470;1840
948459;1840
949503;1841
953272;1842
1005513;1843
1916658;1843
2044130;1843
954790;1843
1162853;1844
1549032;1844
1565051;1844
958301;1844
958399;1845
958963;1846
1288335;1847
1382854;1847
1736872;1847
959272;1847
1507036;1848
960769;1848
961328;1849
1045174;1850
1517331;1850
1768165;1850
1956504;1850
2093604;1850
962058;1850
1558676;1851
1948458;1851
962171;1851
1379049;1852
2093498;1852
966528;1852
1724998;1853
966656;1853
967732;1854
968110;1855
968967;1856
969256;1857
1613418;1858
969766;1858
986259;1859
1767592;1859
971802;1859
972709;1860
973383;1861
1116330;1862
1350988;1862
1416580;1862
1683573;1862
2049023;1862
973634;1862
978753;1863
1509197;1864
978893;1864
1687109;1865
979599;1865
2054121;1866
981786;1866
1196769;1867
1251314;1867
982147;1867
982738;1868
983170;1869
983590;1870
984542;1871
987300;1872
987495;1873
1546447;1874
989326;1874
1192975;1875
1226361;1875
989343;1875
989438;1876
1016590;1877
989604;1877
1032434;1878
1801196;1878
990801;1878
990811;1879
1359359;1880
2007538;1880
991629;1880
1039213;1881
1155530;1881
991847;1881
1099687;1882
992800;1882
1081552;1883
1257635;1883
1753225;1883
993678;1883
2055540;1884
994583;1884
1415319;1885
1531160;1885
1603570;1885
1757903;1885
995104;1885
995292;1886
998192;1887
1089795;1888
1916515;1888
998537;1888
1210500;1889
1898006;1889
1976906;1889
2095284;1889
998575;1889
999107;1890
1187909;1891
1000279;1891
1001533;1892
1475017;1893
1606831;1893
1004332;1893
1005862;1894
1161861;1895
1243126;1895
1006879;1895
1007694;1896
1007911;1897
1008236;1898
1008801;1899
1010543;1900
1010658;1901
1010817;1902
1011112;1903
1013087;1904
1013683;1905
1325076;1906
1612560;1906
1014226;1906
1017662;1907
1980523;1908
2077805;1908
1019429;1908
2061690;1909
1019775;1909
1021800;1910
1512958;1911
1022072;1911
1457794;1912
1496213;1912
1707729;1912
1022722;1912
1023869;1913
1089690;1914
1024520;1914
1025406;1915
1025781;1916
1320137;1917
1028235;1917
1029542;1918
1030805;1919
1031660;1920
1034322;1921
1649735;1922
1034525;1922
1198429;1923
1294347;1923
1368148;1923
1629151;1923
1036585;1923
1038231;1924
1195660;1925
1038396;1925
1039004;1926
1039362;1927
1039702;1928
1318717;1929
1043143;1929
1115098;1930
1863422;1930
2032890;1930
1043605;1930
1500984;1931
1045425;1931
1195998;1932
1045857;1932
1367143;1933
1555319;1933
1046518;1933
1632828;1934
1046909;1934
1047279;1935
1048959;1936
1048966;1937
1984991;1938
1049103;1938
1480300;1939
2008596;1939
1049333;1939
1842801;1940
1050693;1940
1051684;1941
1100918;1942
1982224;1942
1055545;1942
1214082;1943
1909483;1943
2054738;1943
1056703;1943
1144069;1944
2000053;1944
1057870;1944
1058549;1945
1058571;1946
1058644;1947
1058673;1948
1142347;1949
1817444;1949
1860592;1949
1059756;1949
1819576;1950
1061759;1950
1468284;1951
1488035;1951
1063521;1951
1063750;1952
1970792;1953
1065475;1953
1065547;1954
1109916;1955
1066624;1955
1524401;1956
1067453;1956
1424787;1957
2054539;1957
1067745;1957
1473900;1958
1069800;1958
1072884;1959
1074970;1960
1393038;1961
1754769;1961
1077662;1961
1240560;1962
1445101;1962
1078759;1962
1659807;1963
1078883;1963
1079011;1964
1149594;1965
1520290;1965
1080164;1965
2024863;1966
1080834;1966
1157521;1967
1363420;1967
1808503;1967
1080888;1967
1781070;1968
1935406;1968
1080969;1968
1238170;1969
1293978;1969
2082974;1969
1081674;1969
1086053;1970
2051717;1971
1086745;1971
1088488;1972
1088533;1973
1088678;1974
1089132;1975
1099725;1976
1441445;1976
1089358;1976
1089957;1977
1220856;1978
1222505;1978
1090283;1978
1095099;1979
1096420;1980
2015166;1981
1097184;1981
1428284;1982
1097988;1982
1098136;1983
1175999;1984
1100326;1984
1175846;1985
1101852;1985
1102394;1986
1102616;1987
1110499;1988
1502840;1988
1103750;1988
1103965;1989
1106999;1990
1452883;1991
1108973;1991
1109124;1992
1109827;1993
1112410;1994
1112414;1995
1385580;1996
1953413;1996
1115070;1996
1349406;1997
1448185;1997
1713926;1997
1782283;1997
1116130;1997
1116214;1998
1116329;1999
1974000;2000
1116730;2000
1118450;2001
1119879;2002
1608156;2003
1845176;2003
1120951;2003
1122884;2004
1350546;2005
1123214;2005
1353612;2006
1509608;2006
2084486;2006
1126251;2006
1142698;2007
1797389;2007
1126814;2007
1338988;2008
2013638;2008
1130956;2008
1131984;2009
1331513;2010
1604883;2010
1132385;2010
1559270;2011
1603218;2011
1903939;2011
1134821;2011
1264945;2012
1862124;2012
1135093;2012
1439563;2013
1474620;2013
1963662;2013
1135791;2013
1223778;2014
1390000;2014
1659144;2014
1135908;2014
1136377;2015
1197642;2016
1460724;2016
1865826;2016
1136938;2016
1137349;2017
1429549;2018
1138286;2018
1138406;2019
1140349;2020
1571662;2021
1143027;2021
1143242;2022
1145018;2023
1147927;2024
1648751;2025
2063740;2025
1148774;2025
1149884;2026
1890453;2027
1924952;2027
1150130;2027
1624488;2028
1150140;2028
1150840;2029
1556578;2030
1154245;2030
1751094;2031
1862792;2031
1154392;2031
1237753;2032
1666471;2032
1155184;2032
1155253;2033
1640316;2034
1999943;2034
1156815;2034
1156947;2035
1415477;2036
1159867;2036
1160464;2037
1174961;2038
1162449;2038
1334458;2039
1504153;2039
1671079;2039
1163363;2039
1163644;2040
1473470;2041
1643902;2041
2036809;2041
1164481;2041
1164505;2042
1165018;2043
1693244;2044
1167255;2044
1167284;2045
1170077;2046
1171139;2047
1295630;2048
1171244;2048
1437891;2049
1174028;2049
1174929;2050
1379445;2051
1667161;2051
1175115;2051
1178625;2052
2061189;2053
1180438;2053
1474703;2054
1581335;2054
2063948;2054
1180454;2054
1814168;2055
1180843;2055
1180958;2056
1181119;2057
1190398;2058
1598831;2058
1181497;2058
1182208;2059
1182901;2060
1183890;2061
1186103;2062
1186622;2063
1188959;2064
1189602;2065
1432195;2066
1190244;2066
1512517;2067
1190250;2067
1195226;2068
1195510;2069
1196473;2070
1196605;2071
1218647;2072
1200605;2072
1200858;2073
1201916;2074
1406469;2075
1994315;2075
1202957;2075
1385327;2076
1535333;2076
1881066;2076
1203045;2076
1732916;2077
1855131;2077
2015125;2077
2046363;2077
1205101;2077
1250383;2078
1516725;2078
1577179;2078
1786531;2078
1207597;2078
1822482;2079
1207988;2079
1219615;2080
1738396;2080
1825862;2080
1209128;2080
1400744;2081
1502547;2081
1209234;2081
1212050;2082
1217381;2083
1498466;2084
1217774;2084
1473153;2085
1613589;2085
1702523;2085
1758483;2085
1219337;2085
1509877;2086
1221593;2086
1485127;2087
1511484;2087
1221844;2087
1450402;2088
1711044;2088
1224221;2088
1224921;2089
1242683;2090
1427587;2090
1672767;2090
1225213;2090
1229067;2091
1230079;2092
1335147;2093
1584648;2093
1771411;2093
1234081;2093
1234713;2094
1234761;2095
1352192;2096
1236516;2096
1236601;2097
2048712;2098
1237523;2098
1419353;2099
1824852;2099
1237532;2099
1242773;2100
1890020;2101
1900354;2101
1243456;2101
1774650;2102
1243564;2102
1663413;2103
1757507;2103
1243677;2103
1688096;2104
1811915;2104
1828369;2104
1244134;2104
1247014;2105
1250941;2106
1255767;2107
1822602;2108
1878090;2108
1965000;2108
1256908;2108
1257219;2109
1844758;2110
1258107;2110
1264051;2111
1267456;2112
1336061;2113
1594224;2113
1268693;2113
1269018;2114
1272536;2115
1274841;2116
1541535;2117
1276449;2117
1276675;2118
1276862;2119
1361519;2120
1993871;2120
1278729;2120
1279087;2121
1336153;2122
1367385;2122
1571710;2122
1280724;2122
1281941;2123
1355632;2124
1946214;2124
2072858;2124
2086317;2124
1284282;2124
1286459;2125
1287441;2126
1518313;2127
1930513;2127
1978033;2127
1287867;2127
1288670;2128
1288884;2129
1738212;2130
1743350;2130
1952341;2130
1295158;2130
1909761;2131
2076153;2131
1295324;2131
1295908;2132
1403472;2133
1954510;2133
1297289;2133
1729946;2134
1732670;2134
1299736;2134
1378878;2135
1813712;2135
1882540;2135
2005732;2135
1302430;2135
1306211;2136
1321057;2137
1309084;2137
1309149;2138
1310438;2139
1736017;2140
1311549;2140
1627662;2141
1737108;2141
1312877;2141
1943189;2142
1312945;2142
1314006;2143
1314271;2144
1314691;2145
1381263;2146
1315730;2146
1318220;2147
1318910;2148
1320383;2149
1320644;2150
1320651;2151
1378508;2152
1321277;2152
1379553;2153
1322210;2153
1322472;2154
1331662;2155
1323411;2155
1323853;2156
1323905;2157
1451426;2158
1330021;2158
1648556;2159
1759237;2159
1332633;2159
1728290;2160
2006252;2160
1332845;2160
1906057;2161
1334702;2161
1335508;2162
2001961;2163
1336465;2163
1337261;2164
1344899;2165
1782654;2166
1345148;2166
1345480;2167
1346096;2168
1346459;2169
2030062;2170
1346524;2170
2082005;2171
1347358;2171
1349299;2172
1679237;2173
1349793;2173
1349992;2174
1350021;2175
1930301;2176
1350777;2176
1420357;2177
1469620;2177
1540221;2177
1351151;2177
1351556;2178
1352405;2179
1770129;2180
1352988;2180
1353005;2181
1586794;2182
1613963;2182
1356646;2182
1624317;2183
1631809;2183
1357495;2183
1402231;2184
1764969;2184
1968346;2184
1360503;2184
1360635;2185
1706270;2186
1361307;2186
1361892;2187
1653353;2188
2006984;2188
2086095;2188
1362165;2188
1362210;2189
1362332;2190
1363727;2191
1366526;2192
1367258;2193
1374345;2194
1741123;2194
1927129;2194
1367913;2194
1596740;2195
1748756;2195
2090048;2195
1368768;2195
1369183;2196
1778195;2197
1371184;2197
1372894;2198
1374645;2199
1377615;2200
1554984;2201
1606602;2201
2000782;2201
1379144;2201
1611783;2202
1381070;2202
1381084;2203
1511073;2204
1656654;2204
1382909;2204
1385104;2205
1388440;2206
1946929;2207
2066168;2207
1390240;2207
1723510;2208
1392457;2208
1394108;2209
1394394;2210
1394901;2211
1397469;2212
1520883;2213
2063759;2213
1399625;2213
1401329;2214
1692539;2215
1401585;2215
1434060;2216
1633599;2216
1656130;2216
1401601;2216
1410699;2217
1412224;2218
1414051;2219
1415711;2220
1416116;2221
1420417;2222
1420804;2223
1777410;2224
1426390;2224
1426952;2225
1699360;2226
1427334;2226
1446327;2227
1431907;2227
1657640;2228
1431936;2228
1431963;2229
1432249;2230
1433906;2231
1435666;2232
1885771;2233
1439610;2233
1439905;2234
1762570;2235
1440295;2235
1443177;2236
1444056;2237
1447202;2238
1448056;2239
1448306;2240
1452686;2241
1454086;2242
1455231;2243
1456293;2244
1456874;2245
1458576;2246
1458789;2247
1955928;2248
1459639;2248
1461139;2249
1750125;2250
1753286;2250
2001739;2250
1461327;2250
1463759;2251
1465836;2252
1624143;2253
1466013;2253
1469128;2254
1470439;2255
1470507;2256
1471218;2257
1765165;2258
1473040;2258
1660313;2259
1811346;2259
1473832;2259
1474029;2260
1474864;2261
1743218;2262
1475524;2262
1475791;2263
1477221;2264
1479240;2265
1479633;2266
1483829;2267
1886601;2268
1485589;2268
1485875;2269
1487166;2270
1487615;2271
1637467;2272
1489657;2272
1557119;2273
1693328;2273
1490658;2273
1539668;2274
1956899;2274
1494252;2274
1494544;2275
1495961;2276
1496312;2277
1497281;2278
1502246;2279
1714217;2279
1498108;2279
1501359;2280
1504179;2281
1505513;2282
1509635;2283
1511380;2284
1656944;2285
1513500;2285
1700956;2286
1515295;2286
1516483;2287
1737684;2288
1516513;2288
1759759;2289
1517929;2289
1518969;2290
1520446;2291
1521668;2292
1523968;2293
1525103;2294
1544072;2295
1733189;2295
1527338;2295
1529852;2296
1530719;2297
1536714;2298
1537249;2299
1610283;2300
1539356;2300
1618629;2301
1981848;2301
1546612;2301
1547652;2302
1548473;2303
1550620;2304
1554806;2305
1618488;2306
1700037;2306
1557125;2306
1558970;2307
1561391;2308
1561606;2309
1562191;2310
1563594;2311
1835160;2312
1566163;2312
1566766;2313
1567292;2314
1567378;2315
1567725;2316
1570579;2317
1576452;2318
1702103;2319
1577372;2319
1578832;2320
1580741;2321
1622007;2322
1634050;2322
1582969;2322
1739440;2323
1584033;2323
2081604;2324
1584822;2324
1585206;2325
1589559;2326
1590893;2327
1594506;2328
1594508;2329
1906167;2330
1594937;2330
1594971;2331
1952157;2332
1594973;2332
1595318;2333
1596977;2334
1597848;2335
1598265;2336
1600469;2337
1601273;2338
1601276;2339
1603992;2340
1722734;2341
1604129;2341
1607917;2342
1608826;2343
1613678;2344
1663043;2345
1614351;2345
1614473;2346
1614854;2347
1616612;2348
1617284;2349
1618257;2350
1618639;2351
1620233;2352
1734426;2353
2019730;2353
1620429;2353
1621849;2354
1623035;2355
2073155;2356
1623204;2356
1626169;2357
1628253;2358
1629621;2359
1631132;2360
1632922;2361
1635041;2362
1635527;2363
1966901;2364
1635849;2364
1901150;2365
1637430;2365
1822890;2366
1639148;2366
1642096;2367
1877839;2368
1643608;2368
1684086;2369
1768584;2369
1999425;2369
1644955;2369
1755111;2370
1646130;2370
1646290;2371
1647281;2372
1984229;2373
1648195;2373
1656601;2374
2013094;2375
1656756;2375
1754996;2376
1657677;2376
1658667;2377
1658699;2378
1660884;2379
1673411;2380
1675069;2380
1661506;2380
1738409;2381
1971069;2381
1664693;2381
1666067;2382
1667325;2383
1668783;2384
1668820;2385
1957957;2386
1671779;2386
1879593;2387
1674198;2387
1675066;2388
1945633;2389
1675439;2389
1677351;2390
1678214;2391
1678825;2392
1685011;2393
1685422;2394
1990563;2395
1685871;2395
1687029;2396
1690345;2397
1690441;2398
1690685;2399
1693514;2400
1695497;2401
1696241;2402
1696430;2403
1696753;2404
1697086;2405
1697657;2406
1951910;2407
1698002;2407
1699262;2408
1699802;2409
1700924;2410
2017666;2411
1701594;2411
1727536;2412
1704146;2412
2096121;2413
1709971;2413
1711758;2414
1711922;2415
1713815;2416
1713869;2417
1931368;2418
1714092;2418
1933032;2419
1714626;2419
1715563;2420
2020031;2421
1717660;2421
1723967;2422
1724240;2423
1727869;2424
1728248;2425
1896760;2426
1728854;2426
1749640;2427
1729147;2427
1730554;2428
1734715;2429
1736353;2430
1741074;2431
1736714;2431
1738952;2432
2030935;2433
1739749;2433
1743546;2434
1749109;2435
1749349;2436
1759070;2437
1760049;2438
1760129;2439
1760383;2440
1761397;2441
1762290;2442
1969891;2442
1761577;2442
1762242;2443
2027222;2444
1767796;2444
1767836;2445
1854039;2446
1770482;2446
1890848;2447
1771188;2447
1772261;2448
1772512;2449
1772990;2450
1773684;2451
1776141;2452
1776210;2453
1776983;2454
1777829;2455
1785847;2456
1778857;2456
1779722;2457
1781105;2458
1781546;2459
1782426;2460
1783565;2461
1843348;2462
1783991;2462
1784467;2463
1785546;2464
1787551;2465
1789940;2466
1794634;2467
2018584;2468
1795965;2468
1796810;2469
1798885;2470
2031799;2471
1803146;2471
1803705;2472
1803738;2473
1879373;2474
1803907;2474
1807119;2475
1809420;2476
1809653;2477
1956918;2478
1810447;2478
1810537;2479
1811210;2480
1811383;2481
1820085;2482
1821378;2483
1823379;2484
1826870;2485
1830372;2486
1831051;2487
1831687;2488
1836644;2489
1839291;2490
1843430;2491
1844006;2492
1995197;2493
1846307;2493
1846978;2494
1848525;2495
1923374;2496
1936557;2496
1849226;2496
2049588;2497
1851545;2497
1852033;2498
1853425;2499
1855710;2500
1858909;2501
1860467;2502
1860913;2503
1861057;2504
1994721;2505
1862929;2505
1863869;2506
1864260;2507
1865610;2508
1865730;2509
1867824;2510
1873443;2511
1877708;2512
1880065;2513
1880302;2514
1880304;2515
1885017;2516
1885481;2517
1885886;2518
1887849;2519
1888873;2520
1897723;2521
1897980;2522
1898686;2523
1899215;2524
1903806;2525
1906065;2526
1906459;2527
1906760;2528
1908746;2529
1914254;2530
1915520;2531
1916015;2532
1916216;2533
1920820;2534
1921770;2535
1922244;2536
1922662;2537
1923055;2538
1923108;2539
1923192;2540
1924339;2541
1925175;2542
1926243;2543
1926347;2544
1927235;2545
1929624;2546
1931070;2547
1939208;2548
1940907;2549
1943233;2550
1944302;2551
1945140;2552
1946546;2553
1947176;2554
1947812;2555
1948150;2556
1951444;2557
1953871;2558
1958194;2559
1959018;2560
1965255;2561
1965716;2562
1967283;2563
1969388;2564
1970360;2565
1980990;2566
1991592;2567
2042186;2567
2069118;2567
2074098;2567
2083613;2567
2095583;2567
1983765;2567
1983777;2568
1984523;2569
1984818;2570
1992556;2571
1993958;2572
1994529;2573
1996676;2574
1997596;2575
2047233;2576
2000496;2576
2003921;2577
2004848;2578
2007515;2579
2010544;2580
2010738;2581
2011396;2582
2011512;2583
2014398;2584
2015300;2585
2016064;2586
2019254;2587
2022703;2588
2023353;2589
2025045;2590
2027256;2591
2030370;2592
2030871;2593
2035400;2594
2048678;2595
2036467;2595
2036628;2596
2037221;2597
2038280;2598
2039032;2599
2039166;2600
2043478;2601
2048166;2602
2048882;2603
2050303;2604
2050707;2605
2055411;2606
2057127;2607
2059488;2608
2059961;2609
2062993;2610
2065046;2611
2065881;2612
2070499;2613
2081420;2614
2083152;2615
2083653;2616
2091832;2617
2092093;2618
2093425;2619
2095051;2620