213991;0
351143;0
1037962;0
1135276;0
1153044;0
1334111;0
1358477;0
878;0
78603;1
518531;1
711179;1
1823484;1
941;1
67762;2
1156938;2
1230925;2
1313620;2
1758474;2
1981192;2
1197;2
625981;3
994461;3
1678836;3
1217;3
648793;4
1634;4
485596;5
1167555;5
1210589;5
1301074;5
1775;5
202494;6
1300998;6
1622630;6
1951;6
683188;7
1000618;7
1155219;7
1464746;7
1980;7
27015;8
47291;8
49836;8
104237;8
141431;8
156090;8
287788;8
316610;8
360845;8
438330;8
539005;8
542750;8
590830;8
639330;8
739635;8
913508;8
919500;8
969097;8
1015059;8
1080738;8
1153287;8
1361914;8
1494822;8
1539699;8
1551408;8
1584322;8
1623059;8
1641524;8
1771294;8
1779593;8
1838460;8
1847576;8
1866801;8
1893880;8
2082124;8
2093417;8
2231;8
785378;9
833413;9
2369;9
17612;10
2672;10
200818;11
348630;11
422105;11
572516;11
580137;11
1406132;11
2000882;11
2070430;11
2679;11
548934;12
1025406;12
1571802;12
2706;12
533435;13
902702;13
945534;13
1196189;13
1258281;13
1496596;13
1973530;13
2071114;13
3499;13
164193;14
272299;14
608482;14
1061543;14
1304803;14
1482663;14
4343;14
205691;15
1528665;15
4828;15
6534;16
755822;16
757845;16
986349;16
1076477;16
1549439;16
6110;16
1392770;17
6162;17
548950;18
6286;18
431836;19
510274;19
1008448;19
1070212;19
1305659;19
1942120;19
2037299;19
6936;19
306905;20
634799;20
2049819;20
7339;20
353561;21
504779;21
584127;21
734261;21
1493476;21
1572385;21
1652883;21
1815526;21
1986471;21
2034995;21
7613;21
266345;22
1082022;22
1732032;22
7639;22
313742;23
704362;23
742301;23
1195226;23
1334236;23
2045913;23
8129;23
1068896;24
8385;24
380279;25
1007694;25
1819553;25
8672;25
209259;26
245517;26
448786;26
526376;26
1428086;26
1713237;26
1845624;26
2045590;26
2052127;26
8764;26
474279;27
1674612;27
9103;27
74863;28
171388;28
266621;28
317830;28
453105;28
508400;28
579996;28
621937;28
681120;28
694782;28
706989;28
725128;28
744841;28
800018;28
963248;28
972171;28
1012935;28
1063223;28
1076581;28
1221553;28
1571002;28
1588397;28
1644652;28
1653859;28
1656838;28
1659862;28
1692159;28
1731401;28
1947399;28
1970153;28
2021879;28
2078145;28
9591;28
1486520;29
9924;29
10371;30
445535;31
637544;31
1310270;31
11053;31
371361;32
408012;32
1671980;32
11269;32
806371;33
11297;33
483106;34
483896;34
879255;34
11311;34
923068;35
1089305;35
1747039;35
11400;35
258314;36
1059177;36
13052;36
13354;37
46690;38
71352;38
142693;38
149510;38
257110;38
317896;38
365151;38
413957;38
424786;38
507619;38
604465;38
619071;38
625158;38
719374;38
769128;38
783769;38
916271;38
932733;38
941481;38
1331174;38
1348091;38
1450891;38
1525717;38
1549380;38
1641935;38
1670205;38
1731218;38
1997248;38
2021620;38
13357;38
75552;39
167351;39
341755;39
454363;39
516060;39
620091;39
668651;39
722741;39
762473;39
780030;39
807810;39
889616;39
1020918;39
1023506;39
1042844;39
1044979;39
1045438;39
1094071;39
1099240;39
1146036;39
1226244;39
1260302;39
1376451;39
1447965;39
1578816;39
1670710;39
1781719;39
1796805;39
1846909;39
1964777;39
2026701;39
13876;39
261813;40
444832;40
589095;40
838237;40
1200333;40
1282682;40
1395063;40
1412069;40
1576012;40
1886970;40
13920;40
187536;41
383012;41
579597;41
692535;41
966736;41
1086360;41
1486735;41
1579326;41
1809489;41
1916770;41
14215;41
234320;42
983958;42
1871023;42
14290;42
339019;43
1655591;43
14754;43
50359;44
173339;44
180883;44
304161;44
470762;44
1158920;44
14835;44
297404;45
581794;45
1111313;45
1248261;45
1660198;45
1997632;45
15466;45
15712;46
15715;47
71526;48
99649;48
119892;48
173216;48
316298;48
406680;48
419001;48
422675;48
528061;48
541576;48
549399;48
590342;48
607389;48
608616;48
636567;48
643897;48
759250;48
847239;48
994072;48
1090434;48
1102435;48
1128373;48
1159022;48
1309498;48
1402103;48
1444951;48
1480467;48
1503578;48
1606131;48
1615933;48
1618432;48
1666657;48
1686274;48
1705401;48
1767050;48
1835254;48
1918476;48
1932021;48
1985387;48
2031085;48
2071376;48
15746;48
85398;49
16732;49
32116;50
1781561;50
17425;50
775072;51
1036789;51
1049446;51
1231046;51
1329545;51
1740965;51
1819564;51
1881509;51
2063117;51
17688;51
17914;52
947258;53
1363807;53
1960107;53
2095583;53
18121;53
1096690;54
1235149;54
18521;54
186115;55
671567;55
1811210;55
18745;55
593363;56
1303823;56
1847604;56
19103;56
939891;57
19162;57
1915520;58
19509;58
98191;59
120041;59
202739;59
239810;59
243764;59
290301;59
904228;59
1785249;59
20133;59
545151;60
1151635;60
1526981;60
20345;60
1201079;61
1685011;61
2066972;61
20448;61
761614;62
1415247;62
20627;62
1883384;63
2056082;63
20986;63
174974;64
504300;64
1108483;64
1446356;64
1480703;64
21665;64
108622;65
199491;65
509878;65
1413464;65
22713;65
155949;66
627626;66
706748;66
729972;66
796408;66
1150627;66
1201653;66
25016;66
1364161;67
25154;67
675710;68
717503;68
1511397;68
2054562;68
25747;68
1196426;69
25792;69
468233;70
1590221;70
1709465;70
26180;70
158009;71
296722;71
518508;71
582578;71
868391;71
1150798;71
1192446;71
1526067;71
26257;71
1167284;72
26965;72
518180;73
1887790;73
27343;73
443711;74
595748;74
1718690;74
27774;74
660201;75
1434808;75
28804;75
922332;76
1604971;76
1605640;76
29539;76
50426;77
162850;77
175908;77
610755;77
785288;77
952542;77
1142491;77
1588734;77
1999404;77
2071898;77
30224;77
778360;78
1032058;78
1415711;78
1537290;78
30678;78
299349;79
999462;79
2048511;79
30856;79
309261;80
1931591;80
31954;80
31994;81
569502;82
854271;82
1838691;82
32993;82
1987051;83
2095668;83
33030;83
992928;84
33136;84
1975274;85
2038280;85
33350;85
672720;86
1226515;86
35076;86
343437;87
685846;87
701095;87
827800;87
882208;87
1021169;87
1171434;87
1536334;87
1770487;87
35393;87
160977;88
672918;88
907043;88
1092832;88
1446675;88
1633069;88
36415;88
291785;89
647535;89
821721;89
941906;89
1221753;89
1334972;89
36486;89
383415;90
886959;90
1190482;90
36922;90
1467688;91
1679080;91
1960504;91
2054939;91
36938;91
162188;92
242395;92
1543463;92
37425;92
1908621;93
37693;93
507257;94
877947;94
1653760;94
37720;94
445819;95
482740;95
885546;95
891466;95
1287957;95
1466324;95
1540550;95
1617531;95
1790328;95
1830742;95
38221;95
176566;96
725553;96
1181068;96
1215897;96
1626860;96
1845019;96
2076509;96
38417;96
818338;97
921586;97
971422;97
1144933;97
1683666;97
1807365;97
1894963;97
38489;97
131876;98
733140;98
805298;98
821075;98
1357973;98
1508923;98
1549219;98
38492;98
257896;99
379254;99
748592;99
1208350;99
1971852;99
38622;99
253489;100
1232924;100
40235;100
84678;101
430724;101
636407;101
1178973;101
40410;101
1217871;102
1379300;102
1434450;102
40570;102
40624;103
552852;104
40715;104
591012;105
1340196;105
1531723;105
1759949;105
1839175;105
1920820;105
40911;105
517013;106
686125;106
40960;106
87898;107
483053;107
689322;107
706796;107
846638;107
1093055;107
1588419;107
41141;107
1280655;108
1322580;108
41289;108
391086;109
409211;109
1106410;109
1848137;109
1867121;109
1881213;109
41498;109
284015;110
646717;110
1651667;110
1673898;110
1764981;110
41629;110
41879;111
121067;112
187421;112
346527;112
605746;112
750693;112
780234;112
1055579;112
1508886;112
1972602;112
42045;112
177160;113
380913;113
1900340;113
42555;113
134210;114
186352;114
560144;114
571655;114
924187;114
939295;114
1779566;114
1794675;114
1841819;114
2077685;114
42558;114
293466;115
1283826;115
42721;115
1014080;116
1105834;116
1267345;116
42749;116
1758663;117
42803;117
1936847;118
43800;118
291511;119
1620753;119
1882651;119
43833;119
1051641;120
1733175;120
43927;120
93035;121
494243;121
881249;121
1602832;121
1905752;121
2018662;121
2092166;121
45124;121
870188;122
1031660;122
45138;122
45157;123
811356;124
1809285;124
1908375;124
45840;124
46326;125
1275173;126
1524136;126
46423;126
837846;127
930531;127
954958;127
1115836;127
1179471;127
1481568;127
1931939;127
1936555;127
46776;127
207433;128
252538;128
762721;128
1155997;128
1369855;128
1560027;128
1809183;128
1903948;128
47304;128
328657;129
871333;129
873143;129
1217112;129
2090883;129
47327;129
481495;130
1426523;130
1469947;130
47758;130
128533;131
440632;131
484248;131
1393253;131
1873375;131
48730;131
559328;132
1204547;132
49352;132
49375;133
1318949;134
1654909;134
49445;134
189807;135
265815;135
406800;135
1014712;135
1203480;135
1411375;135
1631849;135
1724134;135
1780901;135
49580;135
67142;136
587043;136
638913;136
1670069;136
50181;136
377926;137
516710;137
688908;137
1533281;137
1814691;137
2085735;137
51389;137
648000;138
1606701;138
1729991;138
51523;138
133576;139
567030;139
794282;139
930385;139
1297607;139
1417146;139
1772541;139
1791065;139
2049580;139
51843;139
2072090;140
2083172;140
51893;140
81292;141
1509635;141
52671;141
372469;142
493093;142
611007;142
1021931;142
1340079;142
1702208;142
1926066;142
1993200;142
53558;142
53898;143
1070639;144
54223;144
96515;145
167642;145
173006;145
289210;145
395338;145
411234;145
418391;145
526913;145
561527;145
618651;145
641026;145
656163;145
724229;145
754119;145
865604;145
925670;145
1130119;145
1173017;145
1193497;145
1236449;145
1291642;145
1320776;145
1370814;145
1423542;145
1600717;145
1629895;145
1632770;145
1660535;145
1686461;145
1721795;145
1744935;145
1805164;145
1808245;145
1834442;145
1884164;145
1903923;145
1924013;145
1934190;145
1962102;145
2058153;145
54259;145
1001533;146
1145752;146
1748282;146
1984949;146
55307;146
878281;147
1211295;147
1310747;147
1559505;147
1713322;147
55678;147
198966;148
759648;148
919709;148
1198261;148
1530624;148
1533381;148
1556604;148
2027689;148
2032437;148
2065384;148
55820;148
770252;149
974159;149
1341804;149
2019077;149
56467;149
57581;150
1175122;151
57612;151
793673;152
57806;152
169507;153
876572;153
920903;153
1002250;153
1078353;153
1341652;153
1362007;153
1374136;153
2061456;153
57990;153
284434;154
769171;154
58228;154
1203180;155
1420804;155
1865573;155
58238;155
114265;156
366480;156
1091991;156
1112165;156
1142232;156
1318331;156
1912746;156
59466;156
611678;157
645006;157
662986;157
836620;157
923554;157
1307831;157
1513937;157
1673938;157
1865229;157
1997950;157
59901;157
1991681;158
60359;158
60633;159
782569;160
828939;160
1603992;160
61555;160
143684;161
188246;161
211273;161
316875;161
380513;161
484387;161
515169;161
699592;161
708467;161
735688;161
761789;161
831670;161
1081096;161
1149522;161
1329647;161
1374909;161
1382265;161
1433603;161
1489263;161
1492510;161
1506538;161
1545067;161
1662926;161
1715262;161
1725158;161
1772962;161
1947073;161
2007288;161
2018291;161
2025845;161
61892;161
127037;162
168587;162
298495;162
525323;162
1326471;162
1640943;162
1728432;162
62001;162
1061402;163
1316136;163
1395926;163
1470507;163
63903;163
541401;164
629280;164
685104;164
768546;164
871450;164
923585;164
1373415;164
1458329;164
1805344;164
64079;164
1196711;165
1324567;165
1687201;165
1713404;165
64304;165
101816;166
1394838;166
1529852;166
1861684;166
2057936;166
64694;166
1332445;167
1815116;167
65293;167
125263;168
129827;168
232309;168
1136315;168
1482174;168
66208;168
553665;169
1198310;169
1446235;169
66725;169
145488;170
357125;170
574204;170
833388;170
953237;170
1108405;170
1310592;170
1724525;170
1810632;170
1953330;170
66808;170
67063;171
307824;172
1308854;172
67425;172
139065;173
1210985;173
1350140;173
1374645;173
1760627;173
2033347;173
2088420;173
67437;173
278088;174
771525;174
67747;174
615133;175
822450;175
890800;175
1402219;175
68537;175
580645;176
1453207;176
2019983;176
68697;176
683940;177
998036;177
1843161;177
69324;177
1046264;178
1426039;178
1995388;178
69337;178
1566766;179
69340;179
1436888;180
1945467;180
69348;180
124551;181
253762;181
1484302;181
1823535;181
1958457;181
2096416;181
69478;181
69530;182
311417;183
1865610;183
69951;183
515472;184
1872990;184
70408;184
71472;185
473898;186
1450164;186
71940;186
262364;187
829904;187
967020;187
1010841;187
1251853;187
1661533;187
2087150;187
72042;187
242951;188
479245;188
502950;188
625907;188
657666;188
739028;188
922250;188
1000788;188
1765057;188
1814645;188
72131;188
72753;189
73058;190
73415;191
204057;191
1330734;191
1705011;191
73245;191
255455;192
1409020;192
1751308;192
73365;192
1596977;193
73832;193
74204;194
1280922;195
1321359;195
1480813;195
1901765;195
2051549;195
74613;195
393107;196
583339;196
731443;196
779535;196
918738;196
947320;196
1128580;196
74616;196
258464;197
74766;197
81707;198
171206;198
1218398;198
1226336;198
1336258;198
1434806;198
1570485;198
1790577;198
2042589;198
75296;198
139371;199
299798;199
677461;199
1403173;199
1444475;199
1755552;199
75352;199
523641;200
707755;200
1545570;200
75415;200
345853;201
478917;201
825722;201
904716;201
1138947;201
1425360;201
1658589;201
1716503;201
1731704;201
2012696;201
75964;201
391338;202
76731;202
290404;203
531144;203
1411899;203
1820773;203
77124;203
77892;204
77985;205
471557;206
575701;206
1906760;206
78960;206
144043;207
213408;207
339736;207
421858;207
434275;207
481352;207
550269;207
737440;207
764158;207
883588;207
1088607;207
1303995;207
1426034;207
1586280;207
1624236;207
1708165;207
1717612;207
1941919;207
1964034;207
1990129;207
80314;207
161411;208
810862;208
1375945;208
81921;208
1552433;209
1586846;209
82626;209
434294;210
987759;210
1814233;210
82707;210
462663;211
715390;211
756638;211
1345871;211
1592997;211
1892706;211
83986;211
550165;212
1448132;212
1716862;212
1920078;212
84178;212
628480;213
869045;213
84210;213
1740708;214
1987765;214
84322;214
152738;215
1719327;215
1724240;215
84358;215
977149;216
1285212;216
2084809;216
84599;216
193115;217
1346637;217
2056851;217
84976;217
823565;218
85540;218
316194;219
780190;219
1097214;219
85826;219
742578;220
962522;220
1917119;220
86614;220
100461;221
128881;221
165079;221
237551;221
277583;221
305293;221
417992;221
427814;221
454584;221
461649;221
478470;221
537575;221
755768;221
789216;221
833204;221
1014319;221
1088140;221
1090736;221
1157581;221
1312187;221
1370380;221
1495754;221
1533373;221
1622809;221
1631511;221
1656683;221
1757776;221
1821948;221
1868896;221
1898604;221
1937939;221
2017039;221
2027837;221
2036365;221
2061350;221
86922;221
87021;222
468827;223
87053;223
318235;224
718607;224
945257;224
1023477;224
1576195;224
88315;224
452530;225
1429989;225
1597848;225
88388;225
89618;226
734441;227
1815158;227
1890914;227
89996;227
153470;228
575771;228
825466;228
910939;228
970490;228
1224245;228
90317;228
171160;229
406813;229
600577;229
618463;229
878118;229
1458663;229
90727;229
1451127;230
1477256;230
1611141;230
1959437;230
91182;230
234695;231
1118027;231
1221080;231
1292409;231
1336358;231
1339641;231
91683;231
115904;232
133653;232
173627;232
215558;232
406891;232
454685;232
485991;232
563175;232
568910;232
596302;232
611818;232
622026;232
685004;232
711778;232
859626;232
1010763;232
1071690;232
1122128;232
1208918;232
1251712;232
1274671;232
1330549;232
1414198;232
1418108;232
1438447;232
1461780;232
1489482;232
1489943;232
1509112;232
1550677;232
1603671;232
1634273;232
1763862;232
1781266;232
1802298;232
1926385;232
1947496;232
1972665;232
2079061;232
93171;232
388559;233
1013087;233
1023344;233
1245993;233
93562;233
171760;234
968310;234
93776;234
135373;235
254095;235
317834;235
419652;235
1329464;235
1615419;235
1894006;235
1986103;235
2056596;235
94026;235
126182;236
659085;236
1078699;236
94067;236
1008021;237
1322337;237
1539227;237
1890168;237
94080;237
221973;238
450370;238
913258;238
1298017;238
1322279;238
1627434;238
94406;238
97597;239
109024;239
336323;239
405390;239
633338;239
713503;239
1759291;239
1794996;239
94846;239
1830372;240
94906;240
230498;241
277274;241
312564;241
874887;241
1203064;241
1547860;241
1596719;241
95161;241
857752;242
968110;242
2050925;242
95471;242
309835;243
1035530;243
95924;243
656123;244
1233831;244
2020630;244
96203;244
1710343;245
96285;245
96504;246
1492555;247
96972;247
2011852;248
97314;248
399441;249
709950;249
732959;249
830650;249
97613;249
602296;250
748719;250
801953;250
975742;250
1102428;250
1159254;250
97824;250
922955;251
99250;251
151917;252
368255;252
99641;252
103653;253
156422;253
1922847;253
99755;253
939176;254
1203179;254
1318511;254
1357509;254
1574245;254
1610127;254
1623641;254
1710605;254
1886954;254
100025;254
207136;255
1771245;255
100174;255
354488;256
822469;256
1959069;256
100951;256
101592;257
1185688;258
1989874;258
102362;258
363928;259
784655;259
1689151;259
1775717;259
102379;259
691191;260
1155936;260
1340628;260
1645904;260
103422;260
217095;261
259974;261
536034;261
1498976;261
104006;261
506678;262
667855;262
1265839;262
1813981;262
2006561;262
104177;262
1180630;263
1212680;263
1386541;263
105229;263
254180;264
105331;264
600636;265
1169163;265
105431;265
407324;266
428579;266
712118;266
984561;266
1327719;266
1633574;266
1663590;266
1694105;266
1736102;266
1889878;266
105753;266
211622;267
485704;267
1159233;267
105876;267
543205;268
621318;268
675542;268
1796183;268
106322;268
612324;269
665331;269
717547;269
1539679;269
1802636;269
1887398;269
106773;269
107173;270
421508;271
853917;271
1130268;271
1465213;271
108103;271
969502;272
1046688;272
1499757;272
1619784;272
108423;272
108559;273
134515;274
365456;274
108697;274
1401527;275
1844105;275
108757;275
340699;276
365286;276
108944;276
110075;277
137057;278
110626;278
211199;279
497520;279
1171383;279
1531632;279
1711734;279
1736972;279
1991248;279
110790;279
1952366;280
111015;280
252841;281
694152;281
784943;281
1164697;281
1281365;281
1733393;281
1823941;281
111229;281
1324908;282
1333052;282
1426125;282
1536610;282
111510;282
111758;283
793703;284
1472727;284
111975;284
388727;285
456278;285
788374;285
1318548;285
112259;285
1592545;286
1608826;286
112316;286
112328;287
118601;288
1376886;288
1718291;288
113153;288
238547;289
302771;289
845597;289
1319602;289
113536;289
560100;290
113712;290
827389;291
1617541;291
1827053;291
114521;291
1314271;292
1653954;292
1730627;292
114721;292
170586;293
182619;293
215461;293
224120;293
493160;293
507059;293
525407;293
620366;293
630581;293
641876;293
695426;293
772800;293
782566;293
785897;293
807358;293
831214;293
864696;293
1200871;293
1306895;293
1315476;293
1333734;293
1359311;293
1364377;293
1377344;293
1397795;293
1405420;293
1407198;293
1416697;293
1484712;293
1509530;293
1632736;293
1664490;293
1670996;293
1817186;293
1867788;293
1877109;293
1914163;293
1937981;293
2025597;293
2048195;293
115010;293
454462;294
1571283;294
115573;294
249151;295
353773;295
473656;295
115651;295
497376;296
1105427;296
1223353;296
115843;296
1521668;297
1626629;297
1909047;297
116009;297
272420;298
490354;298
516024;298
116226;298
896476;299
911140;299
1300737;299
1651327;299
1714172;299
2006216;299
116272;299
122704;300
270294;300
410107;300
1191716;300
1351786;300
1547391;300
116446;300
1138323;301
1146756;301
1346716;301
116861;301
842645;302
1119534;302
1220077;302
117066;302
323893;303
117551;303
709277;304
1015826;304
118688;304
639730;305
1554434;305
119370;305
146240;306
618704;306
1075494;306
1707585;306
1848529;306
2094648;306
119477;306
326438;307
444008;307
1684262;307
119750;307
287839;308
1422571;308
119808;308
246884;309
575148;309
1648321;309
1714293;309
120407;309
930161;310
1551364;310
1630278;310
1961439;310
120476;310
120607;311
404385;312
690569;312
120617;312
460630;313
539156;313
121066;313
1362332;314
121295;314
943291;315
121980;315
461584;316
1505054;316
122656;316
1030196;317
1169440;317
1613860;317
1959018;317
2030726;317
122846;317
546321;318
1248154;318
1760095;318
122907;318
122981;319
180277;320
919985;320
1936551;320
123332;320
286864;321
1045382;321
1206784;321
1219590;321
1244689;321
1504681;321
1551585;321
1906129;321
123639;321
829257;322
1246785;322
1844006;322
123962;322
1107067;323
1216196;323
124052;323
152250;324
808070;324
1357916;324
1794014;324
125285;324
530267;325
718773;325
982260;325
1519585;325
1566998;325
1680002;325
1849278;325
126101;325
773784;326
1712829;326
126216;326
1092525;327
1183864;327
126493;327
1381346;328
126739;328
667963;329
1117699;329
127426;329
733383;330
936941;330
1013417;330
1656027;330
127728;330
705510;331
791537;331
909048;331
1396850;331
1466352;331
127968;331
509358;332
1841960;332
128920;332
300107;333
732567;333
1774782;333
129051;333
445691;334
695209;334
871747;334
1876603;334
129173;334
295428;335
1188959;335
1339498;335
130142;335
799114;336
1536451;336
1757396;336
130373;336
386790;337
1789454;337
130741;337
130895;338
262820;339
401350;339
471085;339
679590;339
1149949;339
1735923;339
130984;339
465988;340
598965;340
1398358;340
1447767;340
1528582;340
1933827;340
131599;340
1700834;341
132087;341
805435;342
1286289;342
132781;342
727998;343
1368389;343
1492009;343
1513840;343
1865282;343
1980139;343
133205;343
133312;344
1037938;345
1092295;345
2003777;345
134306;345
134576;346
204160;347
1164755;347
134794;347
579897;348
1134427;348
1773176;348
135051;348
372243;349
1464248;349
1517223;349
1865024;349
135386;349
348714;350
1688271;350
1695608;350
135664;350
884342;351
1128455;351
1477339;351
1625707;351
1841638;351
135717;351
441197;352
594168;352
764970;352
1693204;352
1813623;352
1981646;352
2028898;352
136265;352
700316;353
785770;353
790574;353
794134;353
1074159;353
1639323;353
1992055;353
2084370;353
136568;353
697469;354
1027483;354
1695941;354
2056864;354
136693;354
524889;355
1962802;355
137252;355
154595;356
386827;356
651835;356
1322523;356
1971223;356
137608;356
137622;357
520046;358
139130;358
584558;359
1509708;359
1960232;359
139881;359
327763;360
731757;360
1216859;360
141360;360
1414212;361
141597;361
1721884;362
141708;362
186808;363
447903;363
1590601;363
141943;363
1241012;364
142466;364
142928;365
161195;365
236229;365
251617;365
259551;365
274750;365
373364;365
378443;365
457705;365
465562;365
631340;365
755373;365
802986;365
972383;365
978435;365
983949;365
1106652;365
1158442;365
1185003;365
1277692;365
1279049;365
1421691;365
1427590;365
1532478;365
1662189;365
1719388;365
1753558;365
1774167;365
1886697;365
2001646;365
2001882;365
2079194;365
2084865;365
142579;365
679297;366
875863;366
1098358;366
1246650;366
1405426;366
1597320;366
1858381;366
143415;366
146927;367
169442;367
191700;367
240939;367
268572;367
343755;367
352310;367
426192;367
454864;367
463272;367
473009;367
484561;367
485069;367
495930;367
616186;367
640611;367
711089;367
755541;367
759761;367
786325;367
869640;367
896994;367
913806;367
1089925;367
1136565;367
1198950;367
1280903;367
1407160;367
1446001;367
1531238;367
1595626;367
1659314;367
1665479;367
1703113;367
1769583;367
1794268;367
1818480;367
1829821;367
1908542;367
1950642;367
1958051;367
2081357;367
144336;367
523017;368
659115;368
1105201;368
1121338;368
1279224;368
1461945;368
1547966;368
1681031;368
2086001;368
145274;368
359044;369
396118;369
1643625;369
146719;369
1429252;370
1885358;370
146890;370
317835;371
669589;371
884972;371
148486;371
444820;372
148588;372
300760;373
1370614;373
1574554;373
148982;373
357179;374
872825;374
1428997;374
1588767;374
149057;374
626870;375
809385;375
906308;375
1418363;375
1586215;375
1603285;375
1655147;375
1681929;375
1785010;375
1945940;375
149356;375
249267;376
1397780;376
2042179;376
149839;376
244444;377
456718;377
733520;377
1039753;377
1153615;377
1579359;377
1762208;377
2013598;377
2025323;377
149874;377
813750;378
1855670;378
150855;378
753092;379
858816;379
2001786;379
150923;379
769234;380
2037595;380
150987;380
576640;381
646837;381
1495823;381
2054062;381
151564;381
562858;382
1008896;382
1977852;382
2056401;382
152460;382
1573983;383
153860;383
583967;384
1127780;384
1216982;384
2039001;384
153953;384
1932290;385
154530;385
950135;386
1010543;386
1221993;386
156751;386
364713;387
616088;387
694319;387
806727;387
968830;387
1159180;387
1166692;387
1494763;387
1730048;387
1773028;387
157405;387
157752;388
639721;389
1718771;389
158275;389
373112;390
753553;390
158293;390
1689641;391
159418;391
612957;392
950113;392
2061906;392
160360;392
1118800;393
160792;393
166477;394
418973;394
776834;394
816045;394
966340;394
1829837;394
2083046;394
161007;394
320947;395
984014;395
1980952;395
161417;395
275392;396
1362999;396
1594339;396
1780984;396
161437;396
231671;397
254897;397
321173;397
422678;397
478368;397
685622;397
775288;397
1068817;397
1707232;397
161753;397
161781;398
177631;399
473848;399
851281;399
972519;399
1697876;399
1904077;399
2059125;399
162114;399
268563;400
725559;400
163330;400
266580;401
551928;401
1173915;401
1583686;401
2060504;401
163738;401
163791;402
425378;403
1089191;403
2071714;403
164466;403
1645462;404
164531;404
173732;405
216531;405
441038;405
165316;405
890518;406
932649;406
1265823;406
166128;406
186760;407
633804;407
1175281;407
1244133;407
166250;407
1692136;408
1960968;408
166723;408
191735;409
1895416;409
166855;409
229011;410
891979;410
1284587;410
1544045;410
1562044;410
1563054;410
1814460;410
1830169;410
2072826;410
166900;410
452524;411
1001032;411
1252903;411
2046978;411
167470;411
167523;412
1095464;413
1171272;413
1847046;413
168062;413
455984;414
1079011;414
168074;414
224982;415
914933;415
168448;415
829817;416
168485;416
474586;417
168703;417
168789;418
197798;419
204640;419
302477;419
500535;419
509187;419
556094;419
566362;419
589678;419
735396;419
953651;419
1065048;419
1281612;419
1285841;419
1358600;419
1472915;419
1740576;419
1773202;419
1803396;419
1928560;419
1934658;419
2004907;419
168811;419
339638;420
1376303;420
1376755;420
168863;420
291624;421
475447;421
956179;421
1678754;421
169093;421
365343;422
1849090;422
1939292;422
170430;422
235977;423
563231;423
609246;423
1596636;423
1642628;423
1681812;423
2066762;423
2088843;423
170550;423
357245;424
418150;424
970160;424
1045021;424
1979024;424
171002;424
619428;425
1287048;425
1541685;425
1886565;425
171066;425
2075534;426
171132;426
1009525;427
171536;427
563405;428
171900;428
173232;429
264848;430
454357;430
710800;430
758110;430
770488;430
1673133;430
1821603;430
173360;430
1030897;431
1599761;431
173724;431
174727;432
1365563;433
1950381;433
1975742;433
174785;433
833015;434
1836750;434
175040;434
302008;435
1557138;435
1863024;435
175246;435
630256;436
1197119;436
2016064;436
175598;436
646993;437
1136963;437
175741;437
620669;438
765092;438
176062;438
1140789;439
176423;439
1053403;440
176646;440
333343;441
577094;441
1448306;441
176710;441
875263;442
2085568;442
177052;442
955294;443
1003120;443
1353153;443
177221;443
335779;444
613690;444
732210;444
1283756;444
1296711;444
1572923;444
1591549;444
1667329;444
1738445;444
2038593;444
178026;444
182729;445
531824;445
533798;445
1270542;445
1428078;445
1715394;445
1896855;445
178059;445
1109022;446
1180904;446
1251137;446
1272013;446
178111;446
1212693;447
1318486;447
178726;447
531348;448
179386;448
310080;449
959623;449
1330769;449
180539;449
1331654;450
1421418;450
1973863;450
180661;450
491409;451
525690;451
1950138;451
180789;451
295158;452
1290405;452
2070089;452
181166;452
567412;453
727598;453
967171;453
1845254;453
181968;453
1846867;454
182436;454
596466;455
1697381;455
182577;455
183761;456
1574806;457
1729573;457
183920;457
1951104;458
184203;458
764182;459
1044611;459
1189267;459
2043831;459
184216;459
670542;460
736972;460
941146;460
1448061;460
184333;460
197158;461
1649682;461
184573;461
717052;462
893833;462
185655;462
294921;463
946369;463
1170107;463
1238507;463
1324998;463
1389449;463
1417930;463
1575904;463
1841799;463
1923686;463
185737;463
340936;464
590966;464
1075202;464
186358;464
232689;465
773058;465
186726;465
205315;466
669571;466
737536;466
187130;466
665055;467
1316634;467
1339814;467
1523741;467
188906;467
1614473;468
2034208;468
189670;468
684744;469
1327684;469
1793436;469
2008084;469
190615;469
927415;470
965666;470
1028749;470
1128869;470
1176471;470
1234698;470
1253374;470
1476695;470
2048397;470
190991;470
1271634;471
191505;471
411231;472
630509;472
1460426;472
191538;472
902299;473
193091;473
193473;474
1698476;475
2045865;475
193521;475
258938;476
903174;476
193861;476
939374;477
1023869;477
194084;477
2045911;478
194806;478
1455142;479
1833168;479
2044881;479
195058;479
487862;480
1376266;480
195083;480
291269;481
691965;481
1538447;481
1932440;481
195445;481
213721;482
731824;482
805707;482
1207403;482
1323604;482
1357618;482
1590818;482
1952269;482
195712;482
213290;483
919935;483
973062;483
196239;483
873104;484
928667;484
1048966;484
1137840;484
1870294;484
196389;484
1547036;485
1844215;485
197100;485
680993;486
1247388;486
1524807;486
197411;486
1866264;487
197786;487
303603;488
437652;488
936244;488
197811;488
590704;489
198118;489
887962;490
1388022;490
199078;490
497553;491
1652145;491
2093585;491
199666;491
280620;492
1113108;492
1142377;492
1154170;492
200414;492
233616;493
1138406;493
200828;493
796138;494
827522;494
1095420;494
1229137;494
1314202;494
1464155;494
2028224;494
200851;494
359163;495
500247;495
735026;495
201463;495
242193;496
398767;496
561319;496
671520;496
1427069;496
1727607;496
202253;496
392180;497
1244495;497
1357903;497
202717;497
1144228;498
1994529;498
203167;498
2090691;499
203184;499
916188;500
1479633;500
203344;500
686620;501
1274574;501
203569;501
349307;502
642151;502
893388;502
1032514;502
1086187;502
1475742;502
1561773;502
203875;502
735424;503
1184365;503
1455873;503
1656601;503
204101;503
1920223;504
204236;504
1376643;505
1527767;505
2085080;505
206009;505
987489;506
1625978;506
1715563;506
206987;506
232274;507
496101;507
687781;507
709754;507
207530;507
304745;508
896061;508
1305893;508
1523368;508
208719;508
1229067;509
1456963;509
208923;509
663266;510
209419;510
590484;511
1430595;511
1445696;511
211109;511
871433;512
211472;512
272963;513
715722;513
211494;513
230313;514
211669;514
1517370;515
1960662;515
212022;515
1758901;516
212191;516
237750;517
786972;517
1421406;517
1440397;517
1484697;517
212756;517
679320;518
976199;518
1461348;518
1865581;518
213448;518
1321386;519
213764;519
214139;520
718222;521
1356147;521
1687565;521
215251;521
279854;522
840480;522
1908029;522
215422;522
1882111;523
215789;523
256603;524
555364;524
955141;524
1004399;524
1011289;524
1377774;524
1703870;524
2088609;524
216474;524
1574616;525
2015695;525
216900;525
292787;526
715273;526
217208;526
1439010;527
217385;527
217701;528
366903;529
471766;529
937477;529
1565633;529
218064;529
1833122;530
1950058;530
1967283;530
218090;530
1967504;531
218421;531
223773;532
619203;532
755524;532
1248270;532
1681027;532
1908858;532
220592;532
809255;533
221277;533
248169;534
1194115;534
1598265;534
221400;534
229149;535
751494;535
1979568;535
222807;535
567534;536
903262;536
956264;536
1336065;536
1436267;536
1843430;536
224350;536
1224859;537
1633651;537
2052295;537
224471;537
239721;538
2021036;538
224538;538
441240;539
1834564;539
2019257;539
224606;539
785841;540
1179022;540
1786093;540
2022246;540
225889;540
444898;541
744541;541
757419;541
226280;541
1243186;542
1380475;542
227163;542
227192;543
1647214;544
229683;544
700462;545
872187;545
1044665;545
1971924;545
230129;545
681153;546
1326120;546
230427;546
522711;547
1789535;547
1823549;547
231065;547
863916;548
231643;548
1452626;549
1517802;549
1947176;549
231868;549
347424;550
1373154;550
232333;550
410439;551
1012919;551
1102616;551
1398362;551
1586611;551
1646028;551
233092;551
1645255;552
1924147;552
233174;552
725044;553
973520;553
233486;553
837989;554
234387;554
2052720;555
234845;555
431086;556
1446290;556
235226;556
524698;557
568190;557
821874;557
1084959;557
1153455;557
1539098;557
1735907;557
235720;557
236573;558
431101;559
434188;559
1891215;559
1940928;559
237746;559
459482;560
563574;560
781473;560
1084503;560
1440047;560
1480070;560
1606352;560
1676246;560
1844818;560
238673;560
492054;561
660563;561
942085;561
1192448;561
1199501;561
1419880;561
1573948;561
238781;561
255712;562
633081;562
238807;562
620186;563
724670;563
739949;563
1202675;563
1367089;563
1998752;563
2040759;563
239133;563
1645785;564
1791085;564
239172;564
669970;565
1520987;565
1999088;565
239673;565
483809;566
2037429;566
240120;566
1031649;567
1221432;567
1873306;567
240423;567
1838940;568
240885;568
879855;569
1042390;569
1205744;569
241193;569
241275;570
405378;571
450348;571
544138;571
565489;571
577826;571
723223;571
753931;571
781143;571
1374970;571
241443;571
710414;572
1730554;572
241972;572
407458;573
1636226;573
242021;573
242353;574
345353;575
858135;575
1456249;575
1992013;575
242631;575
665500;576
921815;576
1581268;576
242698;576
644244;577
1084500;577
1638566;577
1944495;577
242900;577
487563;578
1762673;578
1808584;578
244005;578
496679;579
640904;579
245129;579
627477;580
950729;580
2017429;580
245572;580
758460;581
962457;581
1368028;581
246035;581
246199;582
841314;583
927280;583
1966429;583
246860;583
646143;584
734180;584
898576;584
246969;584
1187902;585
1523933;585
1629590;585
247384;585
643918;586
918404;586
1048798;586
248178;586
248850;587
405002;588
1678482;588
2049817;588
250430;588
960439;589
1841571;589
251134;589
375148;590
1068186;590
1328587;590
251150;590
1222234;591
252556;591
1196253;592
252796;592
724568;593
784799;593
835786;593
858902;593
1208756;593
1370098;593
1509997;593
1582176;593
1705308;593
1956087;593
253084;593
702236;594
1158599;594
253140;594
919293;595
1775944;595
2027278;595
253178;595
1074468;596
1153036;596
1771790;596
254038;596
368123;597
1291862;597
1478553;597
1905460;597
255269;597
1232939;598
1419214;598
255331;598
265258;599
256075;599
626672;600
1125378;600
1272175;600
1272617;600
1596557;600
1617273;600
1624919;600
1925280;600
1985225;600
2095890;600
256649;600
621499;601
1721903;601
257276;601
1690009;602
1829299;602
1861006;602
257597;602
748240;603
1441521;603
1984523;603
258264;603
432283;604
801862;604
1897980;604
258503;604
927542;605
1521578;605
259174;605
1441834;606
1694684;606
260080;606
896242;607
920852;607
1820326;607
261021;607
1806891;608
261886;608
386177;609
469815;609
781307;609
816196;609
1213907;609
1316940;609
1527205;609
1779260;609
1841399;609
262139;609
390696;610
961383;610
1240905;610
1339900;610
1460583;610
1927931;610
2043464;610
262404;610
470906;611
598893;611
1133806;611
264185;611
264353;612
1496683;613
265730;613
1166845;614
1276675;614
1401559;614
265933;614
512390;615
1081484;615
1270017;615
1303315;615
1426485;615
1685915;615
1971401;615
266162;615
1765460;616
266949;616
367517;617
1325405;617
1494148;617
268856;617
1807119;618
268968;618
442925;619
1308960;619
1367476;619
2046019;619
269197;619
337056;620
1861533;620
1924631;620
269714;620
272365;621
517737;621
519469;621
805939;621
824298;621
838722;621
1347428;621
1888527;621
2081485;621
270128;621
880093;622
1014656;622
1065547;622
270344;622
457620;623
557816;623
270842;623
271017;624
272033;625
272624;626
293426;627
1254772;627
1446839;627
1617768;627
272673;627
1399755;628
1425469;628
1427875;628
1432187;628
1514680;628
1912012;628
273492;628
1346077;629
273501;629
954782;630
273602;630
283252;631
365667;631
273748;631
1061778;632
1889737;632
274045;632
274315;633
1027797;634
1563921;634
274880;634
1034322;635
275872;635
286985;636
510196;636
277532;636
867873;637
922651;637
1666428;637
277883;637
671599;638
1152260;638
278036;638
1319927;639
1604228;639
1666359;639
279070;639
304586;640
400555;640
1696282;640
279576;640
1449032;641
279658;641
1379201;642
1666067;642
280103;642
511781;643
589598;643
813636;643
931049;643
963148;643
1032029;643
280439;643
579661;644
1132521;644
281931;644
756153;645
845051;645
914298;645
1680940;645
1896535;645
1958633;645
281976;645
284296;646
491616;647
999970;647
1311363;647
1573175;647
284382;647
684997;648
1057485;648
1699001;648
285099;648
418576;649
285462;649
285718;650
514438;651
842853;651
1228166;651
1797161;651
1964725;651
285969;651
1240525;652
1338713;652
1519657;652
1579251;652
286181;652
444761;653
530908;653
810123;653
856067;653
1381640;653
1643467;653
1967769;653
286210;653
1008801;654
286391;654
891094;655
1508277;655
287114;655
1217734;656
287831;656
345382;657
1835505;657
288909;657
288988;658
1319731;659
1563653;659
1710420;659
1912164;659
289181;659
896833;660
1201562;660
289193;660
335895;661
607632;661
289304;661
750190;662
928842;662
1614738;662
289513;662
328433;663
611316;663
1270619;663
1447438;663
1903696;663
2000836;663
291118;663
427660;664
810392;664
292339;664
672240;665
1096420;665
1462741;665
292402;665
828311;666
1683806;666
293893;666
1517572;667
2064523;667
293920;667
372482;668
1725488;668
295558;668
979804;669
297330;669
1326348;670
1699336;670
1770586;670
297403;670
1296115;671
1986003;671
297504;671
642869;672
1316642;672
297564;672
353701;673
427264;673
458971;673
487431;673
579650;673
839322;673
1152728;673
1702138;673
1949763;673
2022009;673
297826;673
1454086;674
298620;674
1642577;675
1814971;675
299151;675
504575;676
798854;676
1155666;676
1528551;676
1612730;676
299728;676
1425069;677
2083480;677
299987;677
896600;678
302440;678
1530502;679
2017286;679
302695;679
392869;680
992263;680
1250700;680
1796737;680
1994470;680
302897;680
1332901;681
302996;681
321247;682
353226;682
390831;682
1028027;682
1031879;682
1067814;682
1215188;682
304603;682
659110;683
815184;683
304726;683
680685;684
870379;684
1829621;684
305083;684
938700;685
1551209;685
1641373;685
307084;685
748578;686
999764;686
1195555;686
1299293;686
1489396;686
1579817;686
1716494;686
308304;686
308426;687
947678;688
1063806;688
2045447;688
308581;688
812073;689
1541317;689
311016;689
388664;690
734303;690
752348;690
1070531;690
1493212;690
1567762;690
311775;690
312794;691
471413;692
313835;692
731228;693
904030;693
1526716;693
1587254;693
314102;693
473425;694
624964;694
2050303;694
314497;694
489103;695
1223634;695
316335;695
588235;696
316746;696
1920627;697
317167;697
709279;698
1639753;698
317411;698
765755;699
1000708;699
318567;699
550826;700
646317;700
1034308;700
1470198;700
1539433;700
1561823;700
1960723;700
1974110;700
2072296;700
318643;700
832505;701
1005456;701
1171499;701
319524;701
1186227;702
1421737;702
320089;702
323527;703
809588;703
1884193;703
320895;703
321864;704
697697;705
1406344;705
1494785;705
2013098;705
322191;705
965731;706
980712;706
1161889;706
1515007;706
1746052;706
2061758;706
324342;706
324556;707
1711765;708
1727643;708
325888;708
326279;709
327024;710
1991946;711
2073377;711
327204;711
569511;712
1436347;712
1487775;712
1672180;712
327664;712
584006;713
1249617;713
1372894;713
327752;713
520054;714
1660730;714
1809394;714
328117;714
328274;715
332069;716
328350;716
775678;717
1632922;717
1636144;717
2044683;717
329408;717
700628;718
712639;718
767829;718
1374143;718
2005246;718
330063;718
330141;719
1856072;720
330178;720
525464;721
645268;721
1706569;721
330183;721
371873;722
478052;722
1030333;722
331169;722
1185012;723
2065364;723
331284;723
1351556;724
1566170;724
1871817;724
331408;724
588165;725
1244645;725
1306175;725
1963421;725
331659;725
1115809;726
1372248;726
1585018;726
1766909;726
1867519;726
332770;726
333252;727
592404;728
333999;728
334793;729
2023392;730
336328;730
1094961;731
1309968;731
1925411;731
2028483;731
336338;731
1536364;732
336419;732
1523968;733
1694005;733
1962454;733
337181;733
580461;734
1522107;734
2081231;734
338530;734
938712;735
1260679;735
339461;735
811679;736
818720;736
1215114;736
1474196;736
1480135;736
1869584;736
339880;736
1106618;737
1120636;737
1194932;737
1707191;737
341718;737
1189797;738
1417701;738
342549;738
548154;739
746692;739
777486;739
343480;739
1223248;740
345237;740
653824;741
345363;741
442891;742
553559;742
891456;742
1702399;742
345707;742
765962;743
1453554;743
1454634;743
1646069;743
1849867;743
346215;743
617164;744
924388;744
1182572;744
1254510;744
346310;744
957036;745
1135770;745
1333518;745
347770;745
649032;746
1931070;746
347780;746
560161;747
934306;747
963249;747
1523516;747
1638984;747
1668402;747
1897707;747
349344;747
1180872;748
1643449;748
349780;748
375728;749
648829;749
775203;749
1134831;749
1527802;749
1540634;749
349875;749
1360921;750
1836265;750
350693;750
1515466;751
350758;751
892578;752
1495984;752
1755750;752
352086;752
352434;753
668846;754
1013169;754
1827552;754
352658;754
931476;755
963448;755
1751670;755
1836866;755
353069;755
987019;756
353188;756
353418;757
659961;758
1342989;758
354785;758
1280718;759
1339043;759
1349798;759
355366;759
1697657;760
355786;760
356121;761
2015300;762
356487;762
393696;763
405330;763
495341;763
591335;763
1019827;763
1086519;763
1547541;763
1564002;763
1581223;763
356789;763
643417;764
911693;764
1897793;764
357306;764
956228;765
1021092;765
1196473;765
357801;765
496882;766
616886;766
358018;766
1381867;767
1844973;767
2025920;767
2059098;767
358884;767
490230;768
1376649;768
359236;768
1679381;769
1980233;769
2059479;769
359592;769
573722;770
1504179;770
360036;770
546597;771
767871;771
1259811;771
1433827;771
1487524;771
1691078;771
360228;771
1151723;772
1190140;772
1296473;772
2037862;772
361239;772
1594506;773
1697096;773
361484;773
596343;774
605486;774
361919;774
496306;775
942451;775
365191;775
1109173;776
365242;776
365259;777
757916;778
1184905;778
365639;778
564947;779
733929;779
788040;779
366288;779
706049;780
818411;780
1947433;780
368330;780
1314317;781
1876532;781
2012087;781
369375;781
634474;782
1187497;782
2075504;782
370786;782
1953479;783
1984818;783
370868;783
1741651;784
1991592;784
372230;784
967137;785
375297;785
821837;786
839308;786
1495587;786
1633558;786
1744503;786
1996962;786
376187;786
1318910;787
376667;787
748872;788
2037361;788
377623;788
1118117;789
1265366;789
1287457;789
378875;789
1438992;790
1789940;790
380502;790
381150;791
740577;792
1451935;792
1481697;792
382206;792
809736;793
1353005;793
1430803;793
1527441;793
1812811;793
1993180;793
382365;793
971995;794
382933;794
984793;795
1104900;795
1324777;795
1759251;795
1916502;795
383055;795
1401128;796
2028347;796
383251;796
383458;797
383773;798
384823;799
904529;800
1318265;800
1425356;800
386182;800
1430968;801
386585;801
638668;802
386611;802
568852;803
1573071;803
387139;803
812224;804
1219287;804
1284691;804
1336706;804
388355;804
1058673;805
1323679;805
388434;805
628747;806
1701901;806
388680;806
522453;807
749426;807
389537;807
819126;808
1244181;808
1924604;808
389918;808
848245;809
922969;809
1687464;809
1692042;809
2059110;809
392160;809
802172;810
1497281;810
392647;810
800878;811
1584300;811
2042333;811
394459;811
893229;812
1207462;812
1625046;812
1936703;812
395305;812
629023;813
708075;813
914682;813
2033362;813
395602;813
395694;814
1455657;815
396049;815
398292;816
605197;817
984067;817
398386;817
675561;818
398396;818
668662;819
398504;819
398618;820
1382429;821
1491001;821
1910777;821
399477;821
1964353;822
400052;822
916428;823
1648997;823
400873;823
1022662;824
1216882;824
1261583;824
401037;824
1866977;825
403432;825
678625;826
2064613;826
403474;826
1318058;827
1734715;827
2009302;827
403548;827
812472;828
404079;828
404087;829
1109328;830
406542;830
813863;831
1906865;831
408230;831
902902;832
408469;832
1210755;833
410149;833
465739;834
934704;834
410338;834
410496;835
613750;836
630239;836
883270;836
896882;836
1010732;836
410505;836
411180;837
637270;838
2092963;838
412000;838
412282;839
1147405;840
1311571;840
413484;840
1052740;841
413545;841
1200858;842
1392682;842
1475763;842
1538779;842
413719;842
476635;843
588529;843
1688901;843
414135;843
420345;844
500451;844
667374;844
2049559;844
414676;844
1016471;845
1856188;845
414954;845
1010409;846
415925;846
428418;847
1518270;847
1589170;847
416647;847
417205;848
863011;849
1462740;849
417570;849
420195;850
1115229;851
1435666;851
420330;851
1615253;852
421589;852
1067283;853
2048594;853
422069;853
422300;854
1115434;855
1141551;855
1679652;855
2061796;855
423283;855
423379;856
1379586;857
423861;857
533015;858
564792;858
1056187;858
1555973;858
424481;858
996950;859
425037;859
439136;860
478984;860
678336;860
891798;860
973673;860
1460343;860
1545979;860
1622393;860
1634256;860
425748;860
428879;861
693134;861
1144742;861
427006;861
629483;862
664161;862
676308;862
868805;862
1002385;862
1611902;862
2075410;862
427249;862
863249;863
1868763;863
428152;863
428884;864
460714;865
532000;865
677351;865
734279;865
749107;865
826185;865
1422004;865
429138;865
659239;866
1022105;866
1344509;866
1601754;866
1815696;866
429515;866
750083;867
995292;867
430144;867
628598;868
1603013;868
2055411;868
430753;868
477168;869
431280;869
1378816;870
2083878;870
431551;870
502769;871
834723;871
1407515;871
432035;871
777056;872
912353;872
1431376;872
1490462;872
1532810;872
1766662;872
1913329;872
432089;872
2090041;873
432979;873
770923;874
929532;874
433010;874
434962;875
955624;876
1968814;876
435700;876
1779939;877
1868658;877
436515;877
1851936;878
436850;878
437077;879
882360;880
1885886;880
438261;880
492817;881
831322;881
1428368;881
2047184;881
438404;881
1034332;882
438450;882
795931;883
438619;883
912170;884
1577431;884
439328;884
439907;885
440242;886
1025037;887
1040124;887
1669471;887
440437;887
603920;888
441755;888
750724;889
1276365;889
442451;889
442914;890
735477;891
1879195;891
443085;891
886431;892
1755554;892
1966966;892
443367;892
692554;893
807812;893
1055682;893
1731980;893
443721;893
444736;894
1172699;895
1577212;895
1807704;895
446479;895
800528;896
855137;896
446674;896
1072382;897
1644347;897
1647710;897
448949;897
480467;898
1047819;898
449821;898
1574967;899
1737013;899
1812068;899
450819;899
662057;900
1416498;900
452016;900
617679;901
1039958;901
1506038;901
1730737;901
1828054;901
453253;901
867286;902
1198178;902
1788664;902
453840;902
1590893;903
2070952;903
2084925;903
454448;903
494252;904
720589;904
1127216;904
1187061;904
1562186;904
1843798;904
454701;904
503736;905
566139;905
709987;905
1749673;905
1797386;905
1899097;905
455359;905
455752;906
897528;907
1861415;907
457576;907
1323128;908
1968885;908
457590;908
630410;909
912123;909
458709;909
1137349;910
1176935;910
459390;910
1854510;911
459917;911
876503;912
920179;912
1606016;912
1844303;912
460384;912
749491;913
1590133;913
1874212;913
461118;913
492765;914
610522;914
461178;914
866988;915
461824;915
834854;916
1453423;916
1619770;916
461971;916
1357680;917
1952264;917
2014265;917
462275;917
703296;918
985277;918
992045;918
1300247;918
1388162;918
1800174;918
462736;918
464613;919
464830;920
599804;921
616452;921
674176;921
464866;921
1439591;922
1965255;922
465129;922
675842;923
1163825;923
465853;923
1050367;924
1243283;924
1675114;924
1981514;924
466868;924
965396;925
1951444;925
467088;925
539386;926
1108132;926
1731054;926
468242;926
819081;927
903704;927
1205005;927
469017;927
1012604;928
469296;928
2032130;929
2032678;929
469357;929
1324667;930
1942911;930
473365;930
1107698;931
2047018;931
2067907;931
473436;931
1559770;932
473528;932
1925213;933
474236;933
1475791;934
475415;934
952202;935
1128427;935
476784;935
680225;936
720741;936
748757;936
914653;936
1002882;936
1410569;936
1592601;936
1639303;936
2029352;936
477899;936
1561606;937
1800062;937
479895;937
652247;938
777472;938
1594269;938
481736;938
1276862;939
1330231;939
1571959;939
1813195;939
2050618;939
483264;939
562093;940
1430197;940
1601273;940
484294;940
1299176;941
1694681;941
485035;941
916602;942
1174742;942
1683311;942
1875369;942
487752;942
864833;943
1281274;943
488095;943
1588370;944
488651;944
1364785;945
1931298;945
491082;945
491520;946
579170;947
492127;947
563791;948
1373881;948
492741;948
1310612;949
493894;949
617404;950
1348185;950
1792157;950
494142;950
494245;951
970012;952
1261486;952
1880065;952
1903719;952
494254;952
1011648;953
1764383;953
494878;953
670911;954
766104;954
1227589;954
1389886;954
495670;954
861665;955
917809;955
499275;955
717915;956
1302503;956
1403562;956
1749238;956
499898;956
2064706;957
500985;957
1055496;958
1188585;958
1330222;958
1443061;958
501107;958
1135698;959
1234250;959
1734511;959
1888362;959
502192;959
503822;960
1744199;961
2078034;961
503970;961
1144531;962
1182162;962
1266325;962
504194;962
504450;963
1711758;964
505079;964
777171;965
1683856;965
2080929;965
505182;965
708201;966
796658;966
974019;966
1017423;966
1155277;966
1164974;966
507179;966
509717;967
694491;968
510394;968
511389;969
659618;970
1433906;970
1626434;970
512023;970
651950;971
825258;971
513541;971
2033656;972
514226;972
579394;973
765795;973
800016;973
929454;973
1010003;973
1338306;973
1383154;973
1514382;973
1667861;973
1778970;973
514260;973
750163;974
515271;974
789165;975
1308552;975
516135;975
1087254;976
516163;976
1214692;977
1247739;977
1429492;977
1574638;977
1795200;977
1943307;977
2092801;977
516393;977
553002;978
618285;978
978367;978
1005479;978
1144598;978
1175874;978
1375108;978
1610241;978
1794271;978
516961;978
1189975;979
1360829;979
1366396;979
1524051;979
518085;979
520109;980
2071920;981
520524;981
521178;982
1537168;983
1898284;983
521692;983
644885;984
1080969;984
1600469;984
1629516;984
1781070;984
1935406;984
521750;984
1237157;985
521943;985
2000894;986
522186;986
732943;987
522249;987
1243032;988
2001629;988
522415;988
523378;989
523977;990
1688339;991
524412;991
782664;992
525828;992
976760;993
1400639;993
1898809;993
525889;993
688993;994
1862404;994
1931837;994
2086443;994
526065;994
622595;995
526691;995
678292;996
1124207;996
1485118;996
1852009;996
1894509;996
527263;996
527693;997
744879;998
528530;998
993422;999
1443105;999
1868780;999
531594;999
714076;1000
1455313;1000
532442;1000
610091;1001
1596880;1001
1811027;1001
533215;1001
587327;1002
1376839;1002
1579655;1002
1846450;1002
533656;1002
1280731;1003
1453367;1003
1846155;1003
1906784;1003
534971;1003
535082;1004
627051;1005
538711;1005
539017;1006
2065333;1007
2073899;1007
539385;1007
539617;1008
737575;1009
798869;1009
871111;1009
1902375;1009
1934504;1009
539865;1009
612457;1010
841206;1010
876501;1010
962998;1010
1240976;1010
1377134;1010
540014;1010
974401;1011
1184040;1011
1689493;1011
540855;1011
1458508;1012
543291;1012
1116140;1013
545196;1013
901297;1014
1346096;1014
1660523;1014
1691480;1014
545873;1014
718374;1015
929682;1015
1192199;1015
1239885;1015
1480653;1015
1564331;1015
1679422;1015
1726319;1015
1731652;1015
545903;1015
1317574;1016
1510967;1016
1742829;1016
546233;1016
554372;1017
567905;1017
941228;1017
1685019;1017
1768640;1017
1828452;1017
1939998;1017
1948740;1017
546488;1017
2088684;1018
546558;1018
1562922;1019
547435;1019
549068;1020
1388104;1021
1410896;1021
549257;1021
551078;1022
724552;1023
1229466;1023
552191;1023
1123691;1024
1151517;1024
552932;1024
554218;1025
658223;1026
939927;1026
1115813;1026
1521686;1026
554479;1026
1059623;1027
1193880;1027
1627640;1027
556071;1027
647774;1028
2031481;1028
556129;1028
795389;1029
895792;1029
556195;1029
785278;1030
1808866;1030
1885481;1030
2065708;1030
556329;1030
863925;1031
1668273;1031
557591;1031
557608;1032
1185685;1033
557868;1033
815693;1034
984398;1034
1326584;1034
2042186;1034
558149;1034
1243914;1035
1269504;1035
1846142;1035
558196;1035
558950;1036
560114;1037
1321313;1038
1901230;1038
1905354;1038
560932;1038
875548;1039
1066335;1039
560979;1039
602428;1040
618278;1040
1803705;1040
561890;1040
562597;1041
564169;1042
1016895;1043
1103365;1043
1197255;1043
564293;1043
565351;1044
565653;1045
587358;1046
565854;1046
781799;1047
1257219;1047
566577;1047
752256;1048
566677;1048
731580;1049
1132882;1049
567024;1049
754017;1050
951941;1050
1021963;1050
1525909;1050
1593895;1050
1681107;1050
568781;1050
835984;1051
1389673;1051
1400270;1051
569764;1051
1218201;1052
1680353;1052
570267;1052
662758;1053
1318711;1053
570744;1053
1060589;1054
1364982;1054
1523396;1054
571405;1054
571588;1055
1516483;1056
1719756;1056
572357;1056
573534;1057
1822171;1058
574013;1058
848858;1059
1736353;1059
1917639;1059
574150;1059
575073;1060
1495702;1061
2058029;1061
575123;1061
782954;1062
1456070;1062
2015715;1062
576639;1062
584252;1063
920764;1063
1122941;1063
1502925;1063
576890;1063
577530;1064
986641;1065
577571;1065
1093081;1066
1631132;1066
1642537;1066
578583;1066
673451;1067
910527;1067
1177549;1067
1875935;1067
579220;1067
838917;1068
1143856;1068
1223310;1068
1267918;1068
1537207;1068
580785;1068
982081;1069
1394572;1069
581500;1069
782960;1070
1399718;1070
1825773;1070
584529;1070
635075;1071
1168221;1071
584668;1071
1522082;1072
1807255;1072
584930;1072
587055;1073
777133;1074
1105197;1074
1673197;1074
1778452;1074
1822422;1074
1872083;1074
2004373;1074
2049086;1074
587474;1074
688449;1075
747550;1075
1851962;1075
2082376;1075
588816;1075
1368712;1076
589093;1076
895998;1077
1314933;1077
2022258;1077
589222;1077
645418;1078
1865549;1078
590658;1078
1253108;1079
1982133;1079
590785;1079
797308;1080
814313;1080
869906;1080
923760;1080
978154;1080
989438;1080
990296;1080
1369240;1080
1425856;1080
1635641;1080
1811825;1080
1933890;1080
1962745;1080
1968047;1080
2026858;1080
2044279;1080
2059900;1080
590879;1080
682565;1081
1609012;1081
1717998;1081
1817483;1081
1929446;1081
2096426;1081
591023;1081
1233506;1082
1273322;1082
1353156;1082
591107;1082
980276;1083
1100159;1083
1298097;1083
1350083;1083
1415686;1083
1517386;1083
1582713;1083
2061446;1083
591387;1083
1104960;1084
1156557;1084
1669204;1084
591590;1084
832662;1085
1114109;1085
1124046;1085
1198534;1085
1424087;1085
1534016;1085
1571183;1085
591820;1085
775152;1086
816099;1086
1251229;1086
1554590;1086
592271;1086
1354188;1087
593157;1087
593798;1088
993663;1089
594316;1089
1394901;1090
1856019;1090
595511;1090
828414;1091
596000;1091
1492802;1092
596077;1092
1027276;1093
1104264;1093
1566005;1093
596157;1093
596672;1094
1458576;1095
1524681;1095
597146;1095
925094;1096
1539142;1096
598194;1096
692637;1097
810843;1097
599606;1097
600044;1098
766410;1099
882743;1099
1001992;1099
1181888;1099
1393316;1099
1403788;1099
1640572;1099
1818969;1099
600223;1099
613045;1100
1586218;1100
1647231;1100
601132;1100
710974;1101
603369;1101
603629;1102
1229444;1103
1233488;1103
605020;1103
1969388;1104
605603;1104
753593;1105
1157259;1105
1987401;1105
606180;1105
1513120;1106
606198;1106
810496;1107
607854;1107
1358002;1108
609983;1108
827020;1109
969451;1109
610043;1109
775457;1110
1638974;1110
1696511;1110
610835;1110
958832;1111
1071486;1111
1778519;1111
611642;1111
866007;1112
612084;1112
1237644;1113
612108;1113
709900;1114
612934;1114
718149;1115
929523;1115
1882702;1115
613217;1115
1407159;1116
1606361;1116
613223;1116
1202975;1117
1834023;1117
613971;1117
614566;1118
1478594;1119
615627;1119
617788;1120
1340297;1121
617956;1121
1544708;1122
618369;1122
1204799;1123
1484161;1123
2037467;1123
618380;1123
644080;1124
768020;1124
1679104;1124
1741587;1124
1807223;1124
2065050;1124
618887;1124
1230079;1125
1393976;1125
1953117;1125
1991853;1125
618897;1125
1148243;1126
1297787;1126
1765818;1126
619064;1126
620478;1127
752733;1128
1140239;1128
1482730;1128
620699;1128
1505513;1129
621475;1129
1263214;1130
1503440;1130
624187;1130
1038735;1131
2037056;1131
624494;1131
953336;1132
970547;1132
1101472;1132
1130496;1132
1283332;1132
1632214;1132
626177;1132
626433;1133
760539;1134
1146988;1134
627378;1134
980947;1135
1683445;1135
1970273;1135
627904;1135
1512997;1136
629339;1136
1335508;1137
1993152;1137
629585;1137
802410;1138
1856633;1138
631146;1138
703648;1139
883776;1139
1298512;1139
1338240;1139
1482332;1139
1848231;1139
632424;1139
974810;1140
1337430;1140
1981451;1140
2004343;1140
635721;1140
1020418;1141
1028085;1141
1360715;1141
637018;1141
637839;1142
1536714;1143
639021;1143
910911;1144
1295719;1144
1765880;1144
639148;1144
725019;1145
1088678;1145
1201815;1145
639466;1145
692529;1146
1660884;1146
639853;1146
640518;1147
1978512;1148
641397;1148
1873443;1149
1953824;1149
2014530;1149
643447;1149
647574;1150
859113;1151
1730482;1151
647751;1151
1147927;1152
649516;1152
1052726;1153
1075446;1153
1600283;1153
2068577;1153
649981;1153
650064;1154
1337011;1155
1860348;1155
650127;1155
1182950;1156
1356855;1156
650501;1156
1038782;1157
1143660;1157
1401512;1157
651242;1157
1241159;1158
2063333;1158
655459;1158
749964;1159
794083;1159
1633457;1159
656653;1159
741636;1160
950716;1160
1259987;1160
657135;1160
658367;1161
659383;1161
661855;1161
662174;1161
663299;1161
663688;1161
664389;1161
664771;1161
665529;1161
666974;1161
667990;1161
668484;1161
669018;1161
669058;1161
670320;1161
670536;1161
671536;1161
671740;1161
672011;1161
672425;1161
672552;1161
672777;1161
674451;1161
674952;1161
675612;1161
676667;1161
678246;1161
679841;1161
680083;1161
680236;1161
681480;1161
681821;1161
682679;1161
682722;1161
683323;1161
683399;1161
684239;1161
684948;1161
685539;1161
685884;1161
686158;1161
686397;1161
686826;1161
687631;1161
688018;1161
691411;1161
691415;1161
691701;1161
692659;1161
693455;1161
694154;1161
695166;1161
695875;1161
696335;1161
697057;1161
697951;1161
698208;1161
699809;1161
702461;1161
702567;1161
703276;1161
703402;1161
703473;1161
703792;1161
704004;1161
704292;1161
705064;1161
705530;1161
705880;1161
708080;1161
708696;1161
709833;1161
710220;1161
711301;1161
711985;1161
712157;1161
712357;1161
712463;1161
713519;1161
713935;1161
714084;1161
714380;1161
715332;1161
716093;1161
716840;1161
717220;1161
717513;1161
718834;1161
718869;1161
721425;1161
722802;1161
723424;1161
723831;1161
726657;1161
726680;1161
727222;1161
727327;1161
729373;1161
730487;1161
730966;1161
733475;1161
735230;1161
736288;1161
737782;1161
738239;1161
739490;1161
740139;1161
745214;1161
745324;1161
745640;1161
746010;1161
747001;1161
747874;1161
747901;1161
749044;1161
749425;1161
750540;1161
751565;1161
752224;1161
752231;1161
752768;1161
753372;1161
755534;1161
757027;1161
757980;1161
760316;1161
762846;1161
764663;1161
766183;1161
766218;1161
766649;1161
772368;1161
774775;1161
774876;1161
775758;1161
775927;1161
777006;1161
777421;1161
777974;1161
778821;1161
782351;1161
782811;1161
783306;1161
784784;1161
785152;1161
786425;1161
787796;1161
788576;1161
788735;1161
788910;1161
793595;1161
794235;1161
795160;1161
795257;1161
795956;1161
795970;1161
797787;1161
802388;1161
805420;1161
805788;1161
806422;1161
807245;1161
807615;1161
808776;1161
808815;1161
809231;1161
810212;1161
810677;1161
810735;1161
811009;1161
811361;1161
811616;1161
813641;1161
814523;1161
814577;1161
816550;1161
816686;1161
816813;1161
818140;1161
818521;1161
819869;1161
822775;1161
822936;1161
823949;1161
825652;1161
827113;1161
827231;1161
827251;1161
829460;1161
832080;1161
833459;1161
833743;1161
834954;1161
835106;1161
835640;1161
836400;1161
836420;1161
836515;1161
836726;1161
836758;1161
837420;1161
837587;1161
837947;1161
838026;1161
840358;1161
841348;1161
841552;1161
843142;1161
843206;1161
844016;1161
844301;1161
844319;1161
845135;1161
845407;1161
846280;1161
846631;1161
848155;1161
848800;1161
849110;1161
849388;1161
849521;1161
850324;1161
851555;1161
851838;1161
852542;1161
853432;1161
854137;1161
854341;1161
855159;1161
855493;1161
855712;1161
856425;1161
857824;1161
859038;1161
860381;1161
860426;1161
860772;1161
861673;1161
861939;1161
862889;1161
864018;1161
864634;1161
865019;1161
866580;1161
868222;1161
869478;1161
870289;1161
871672;1161
872585;1161
872624;1161
873560;1161
874070;1161
874447;1161
878306;1161
878407;1161
878878;1161
879534;1161
879813;1161
880619;1161
880814;1161
881043;1161
884260;1161
884409;1161
884921;1161
885164;1161
885299;1161
885675;1161
885725;1161
886397;1161
888391;1161
889064;1161
892547;1161
892626;1161
894080;1161
896394;1161
896487;1161
898709;1161
900405;1161
901374;1161
901536;1161
901652;1161
903769;1161
904007;1161
904539;1161
906856;1161
910050;1161
912623;1161
912624;1161
913511;1161
915409;1161
915755;1161
916734;1161
917279;1161
917355;1161
918004;1161
919488;1161
919861;1161
920654;1161
921294;1161
921389;1161
922325;1161
925219;1161
926364;1161
927850;1161
928260;1161
928330;1161
930115;1161
930960;1161
932654;1161
932809;1161
934929;1161
935776;1161
935954;1161
937230;1161
938274;1161
938574;1161
939665;1161
940341;1161
940564;1161
941235;1161
942089;1161
942816;1161
943665;1161
943910;1161
944133;1161
946134;1161
946866;1161
947415;1161
947419;1161
947796;1161
947820;1161
948452;1161
948459;1161
949503;1161
949863;1161
950532;1161
953272;1161
953838;1161
954277;1161
954790;1161
956988;1161
957350;1161
958301;1161
958399;1161
959272;1161
961328;1161
962058;1161
962171;1161
962936;1161
963275;1161
966068;1161
966656;1161
968967;1161
969256;1161
969955;1161
973383;1161
973634;1161
974088;1161
976932;1161
978753;1161
978893;1161
979599;1161
980953;1161
982738;1161
983170;1161
983590;1161
984542;1161
985107;1161
985195;1161
987300;1161
987495;1161
987998;1161
989326;1161
989604;1161
990811;1161
992800;1161
993678;1161
994583;1161
996258;1161
997101;1161
997755;1161
998192;1161
998537;1161
998575;1161
999011;1161
999107;1161
1003128;1161
1004332;1161
1005513;1161
1006879;1161
1007008;1161
1007980;1161
1008236;1161
1009817;1161
1010658;1161
1010817;1161
1011112;1161
1013683;1161
1013867;1161
1016590;1161
1017662;1161
1019429;1161
1021800;1161
1022441;1161
1022722;1161
1024520;1161
1024864;1161
1024884;1161
1025781;1161
1027294;1161
1029542;1161
1030776;1161
1030805;1161
1032283;1161
1033337;1161
1033375;1161
1034871;1161
1035740;1161
1038231;1161
1038396;1161
1038617;1161
1039362;1161
1039702;1161
1043143;1161
1045174;1161
1046518;1161
1048959;1161
1049103;1161
1049333;1161
1051684;1161
1052920;1161
1053453;1161
1055691;1161
1056703;1161
1058549;1161
1058571;1161
1058644;1161
1059462;1161
1059756;1161
1059914;1161
1061215;1161
1061759;1161
1062209;1161
1062421;1161
1063750;1161
1067956;1161
1069549;1161
1069800;1161
1072884;1161
1074970;1161
1075706;1161
1076254;1161
1078759;1161
1078883;1161
1079812;1161
1079864;1161
1080834;1161
1080859;1161
1081552;1161
1081674;1161
1082547;1161
1083263;1161
1084813;1161
1085806;1161
1086053;1161
1088488;1161
1088533;1161
1089132;1161
1089690;1161
1089795;1161
1089957;1161
1091602;1161
1092913;1161
1095099;1161
1095102;1161
1095836;1161
1097988;1161
1098136;1161
1099345;1161
1099687;1161
1100326;1161
1101250;1161
1102394;1161
1103520;1161
1103750;1161
1106029;1161
1106452;1161
1106999;1161
1107833;1161
1108973;1161
1109234;1161
1109827;1161
1110065;1161
1110499;1161
1111309;1161
1112410;1161
1112414;1161
1114532;1161
1115919;1161
1116130;1161
1116214;1161
1116329;1161
1116330;1161
1116730;1161
1118070;1161
1118450;1161
1119629;1161
1119879;1161
1120019;1161
1120951;1161
1122884;1161
1125646;1161
1126251;1161
1126403;1161
1126814;1161
1128912;1161
1131984;1161
1132076;1161
1134821;1161
1134897;1161
1135093;1161
1135791;1161
1135908;1161
1136377;1161
1138286;1161
1140349;1161
1140606;1161
1140651;1161
1141915;1161
1142347;1161
1142664;1161
1142698;1161
1143027;1161
1143242;1161
1152153;1161
1152327;1161
1152737;1161
1153486;1161
1154245;1161
1154392;1161
1155184;1161
1155253;1161
1155470;1161
1156155;1161
1156573;1161
1156815;1161
1156947;1161
1160464;1161
1161861;1161
1162449;1161
1162853;1161
1163644;1161
1164481;1161
1164505;1161
1165018;1161
1165425;1161
1167255;1161
1169631;1161
1170077;1161
1171139;1161
1171244;1161
1171409;1161
1172049;1161
1174028;1161
1174886;1161
1174929;1161
1174961;1161
1175115;1161
1175862;1161
1175999;1161
1176894;1161
1178195;1161
1178625;1161
1179337;1161
1180391;1161
1180438;1161
1180958;1161
1181119;1161
1181497;1161
1182208;1161
1182901;1161
1183766;1161
1183890;1161
1186622;1161
1186904;1161
1188657;1161
1189602;1161
1190250;1161
1190398;1161
1191555;1161
1192765;1161
1195307;1161
1195510;1161
1195660;1161
1196605;1161
1196999;1161
1199860;1161
1200605;1161
1201916;1161
1202957;1161
1203045;1161
1205101;1161
1206646;1161
1207949;1161
1207988;1161
1209128;1161
1209234;1161
1209474;1161
1209628;1161
1209830;1161
1210500;1161
1211560;1161
1214082;1161
1215996;1161
1216041;1161
1216773;1161
1217774;1161
1218647;1161
1219615;1161
1221593;1161
1221844;1161
1222479;1161
1223778;1161
1224221;1161
1224921;1161
1225156;1161
1225213;1161
1227009;1161
1229276;1161
1229505;1161
1230425;1161
1233136;1161
1234191;1161
1234713;1161
1234761;1161
1235058;1161
1236601;1161
1237523;1161
1237753;1161
1238170;1161
1240560;1161
1242053;1161
1242683;1161
1242773;1161
1243126;1161
1243238;1161
1243456;1161
1243677;1161
1244134;1161
1245603;1161
1250941;1161
1256908;1161
1257635;1161
1258107;1161
1258904;1161
1264051;1161
1264820;1161
1264945;1161
1266366;1161
1268693;1161
1272536;1161
1274841;1161
1276624;1161
1277112;1161
1277912;1161
1278084;1161
1279087;1161
1279908;1161
1280724;1161
1281941;1161
1282103;1161
1283037;1161
1284282;1161
1284960;1161
1286459;1161
1287441;1161
1287834;1161
1288335;1161
1288670;1161
1288884;1161
1291721;1161
1293978;1161
1294321;1161
1295158;1161
1295204;1161
1295630;1161
1295908;1161
1296179;1161
1297877;1161
1300405;1161
1300657;1161
1302430;1161
1303632;1161
1306211;1161
1307739;1161
1309149;1161
1309765;1161
1310370;1161
1310438;1161
1310461;1161
1312945;1161
1313613;1161
1314006;1161
1314513;1161
1314691;1161
1314882;1161
1316493;1161
1318220;1161
1318717;1161
1320383;1161
1320644;1161
1320651;1161
1322210;1161
1322472;1161
1323905;1161
1326570;1161
1326863;1161
1332633;1161
1332845;1161
1334702;1161
1336061;1161
1336153;1161
1336465;1161
1337261;1161
1339725;1161
1342183;1161
1343758;1161
1343934;1161
1344899;1161
1346148;1161
1346444;1161
1346459;1161
1346524;1161
1346967;1161
1349171;1161
1349406;1161
1349555;1161
1349992;1161
1350021;1161
1350073;1161
1350777;1161
1350922;1161
1350988;1161
1351151;1161
1351564;1161
1352405;1161
1352988;1161
1353612;1161
1355346;1161
1355632;1161
1356646;1161
1357495;1161
1359667;1161
1360141;1161
1360503;1161
1360635;1161
1361307;1161
1361869;1161
1361892;1161
1362210;1161
1363700;1161
1363727;1161
1367143;1161
1367258;1161
1367385;1161
1369183;1161
1375098;1161
1375106;1161
1377615;1161
1378878;1161
1379144;1161
1379285;1161
1379445;1161
1379553;1161
1381070;1161
1381453;1161
1382854;1161
1382909;1161
1385104;1161
1385327;1161
1385557;1161
1386589;1161
1388440;1161
1390000;1161
1390240;1161
1392457;1161
1394394;1161
1396298;1161
1397469;1161
1399307;1161
1399625;1161
1399677;1161
1400744;1161
1400838;1161
1401329;1161
1401601;1161
1402231;1161
1403341;1161
1404105;1161
1406001;1161
1406469;1161
1406861;1161
1409279;1161
1410699;1161
1411185;1161
1412224;1161
1414051;1161
1414174;1161
1414463;1161
1416116;1161
1416550;1161
1416580;1161
1416805;1161
1418908;1161
1420357;1161
1426390;1161
1426952;1161
1427587;1161
1427761;1161
1428027;1161
1428284;1161
1429549;1161
1431688;1161
1431907;1161
1431963;1161
1432249;1161
1434060;1161
1436513;1161
1437652;1161
1437891;1161
1439498;1161
1439563;1161
1439905;1161
1440295;1161
1442430;1161
1443177;1161
1444056;1161
1445101;1161
1446327;1161
1447202;1161
1447331;1161
1448056;1161
1448185;1161
1449824;1161
1450327;1161
1450402;1161
1452686;1161
1452883;1161
1453012;1161
1455231;1161
1456293;1161
1456874;1161
1457794;1161
1458789;1161
1458915;1161
1459714;1161
1461139;1161
1461327;1161
1463578;1161
1463759;1161
1464622;1161
1465836;1161
1466013;1161
1468523;1161
1469128;1161
1469401;1161
1469620;1161
1470439;1161
1471218;1161
1473040;1161
1473470;1161
1473900;1161
1474620;1161
1474864;1161
1475017;1161
1475524;1161
1476320;1161
1476342;1161
1477221;1161
1480300;1161
1483065;1161
1483318;1161
1483829;1161
1485127;1161
1485589;1161
1487166;1161
1487615;1161
1488170;1161
1489657;1161
1490658;1161
1490672;1161
1491187;1161
1491271;1161
1494544;1161
1495846;1161
1495961;1161
1496213;1161
1496312;1161
1498108;1161
1498223;1161
1498466;1161
1499075;1161
1501359;1161
1501470;1161
1502246;1161
1502547;1161
1502840;1161
1504898;1161
1509197;1161
1509539;1161
1509608;1161
1509877;1161
1510351;1161
1511028;1161
1511073;1161
1511380;1161
1511484;1161
1512517;1161
1515197;1161
1515950;1161
1516513;1161
1517331;1161
1517929;1161
1518067;1161
1518130;1161
1518492;1161
1518969;1161
1520148;1161
1520389;1161
1520446;1161
1520552;1161
1520883;1161
1520992;1161
1522163;1161
1524848;1161
1525009;1161
1525103;1161
1527338;1161
1527648;1161
1528668;1161
1528847;1161
1528850;1161
1530719;1161
1531161;1161
1535333;1161
1537249;1161
1539088;1161
1540146;1161
1540221;1161
1544072;1161
1546447;1161
1547652;1161
1547937;1161
1549032;1161
1550127;1161
1552759;1161
1553469;1161
1554601;1161
1554806;1161
1554984;1161
1555319;1161
1556578;1161
1557119;1161
1557125;1161
1557603;1161
1558676;1161
1558970;1161
1559270;1161
1560231;1161
1561994;1161
1562191;1161
1565051;1161
1565081;1161
1567292;1161
1567378;1161
1569480;1161
1570579;1161
1571662;1161
1571710;1161
1573096;1161
1574042;1161
1575381;1161
1576452;1161
1576656;1161
1578220;1161
1582969;1161
1584703;1161
1584822;1161
1585206;1161
1585316;1161
1586794;1161
1587140;1161
1589559;1161
1592785;1161
1594224;1161
1594508;1161
1594599;1161
1594971;1161
1595318;1161
1597636;1161
1598831;1161
1599181;1161
1600405;1161
1603218;1161
1604129;1161
1606602;1161
1606831;1161
1607422;1161
1607917;1161
1608156;1161
1611783;1161
1613678;1161
1613839;1161
1613963;1161
1614351;1161
1614854;1161
1616457;1161
1616474;1161
1616612;1161
1617284;1161
1618488;1161
1618639;1161
1620233;1161
1620496;1161
1621849;1161
1622007;1161
1623035;1161
1623204;1161
1624143;1161
1624317;1161
1626169;1161
1626829;1161
1627198;1161
1628253;1161
1629394;1161
1629621;1161
1631809;1161
1632547;1161
1632966;1161
1633599;1161
1634050;1161
1634680;1161
1635041;1161
1635527;1161
1637467;1161
1640316;1161
1640365;1161
1642096;1161
1643608;1161
1643902;1161
1644063;1161
1646130;1161
1646290;1161
1648195;1161
1648556;1161
1649471;1161
1650753;1161
1651048;1161
1652559;1161
1652795;1161
1652808;1161
1652892;1161
1654024;1161
1655025;1161
1656130;1161
1656654;1161
1656756;1161
1657440;1161
1658699;1161
1659144;1161
1659563;1161
1659807;1161
1659840;1161
1661506;1161
1662990;1161
1663043;1161
1663312;1161
1663413;1161
1666471;1161
1666800;1161
1667161;1161
1667325;1161
1668783;1161
1668820;1161
1669061;1161
1671779;1161
1672767;1161
1673411;1161
1674281;1161
1675066;1161
1675069;1161
1675439;1161
1675566;1161
1677351;1161
1678214;1161
1680161;1161
1683303;1161
1683573;1161
1683668;1161
1685422;1161
1685871;1161
1687029;1161
1687109;1161
1688096;1161
1690345;1161
1690685;1161
1692925;1161
1693244;1161
1693328;1161
1693514;1161
1695497;1161
1696241;1161
1696430;1161
1696476;1161
1696753;1161
1697086;1161
1698488;1161
1699262;1161
1699374;1161
1700037;1161
1701594;1161
1702415;1161
1706270;1161
1707729;1161
1709971;1161
1710455;1161
1711010;1161
1711044;1161
1711423;1161
1713332;1161
1713815;1161
1713869;1161
1713926;1161
1714092;1161
1714217;1161
1714626;1161
1715281;1161
1717660;1161
1721166;1161
1722301;1161
1722734;1161
1723510;1161
1723967;1161
1724998;1161
1725134;1161
1725365;1161
1725950;1161
1727869;1161
1728290;1161
1729147;1161
1731056;1161
1731611;1161
1732683;1161
1732916;1161
1733189;1161
1733831;1161
1735326;1161
1736714;1161
1736872;1161
1737684;1161
1737703;1161
1738212;1161
1738396;1161
1738952;1161
1739657;1161
1739749;1161
1739976;1161
1741074;1161
1743013;1161
1743218;1161
1743350;1161
1743546;1161
1744789;1161
1748876;1161
1748887;1161
1749109;1161
1749640;1161
1749818;1161
1750125;1161
1751094;1161
1753225;1161
1753286;1161
1753569;1161
1755111;1161
1757507;1161
1758925;1161
1759070;1161
1759237;1161
1759759;1161
1759789;1161
1760129;1161
1760383;1161
1760535;1161
1761397;1161
1762242;1161
1762570;1161
1762692;1161
1763939;1161
1764153;1161
1764533;1161
1764969;1161
1765165;1161
1766843;1161
1767796;1161
1767836;1161
1768165;1161
1770129;1161
1770482;1161
1771317;1161
1771970;1161
1772261;1161
1772512;1161
1772990;1161
1776141;1161
1776210;1161
1777410;1161
1777829;1161
1779722;1161
1781105;1161
1782283;1161
1782426;1161
1783565;1161
1783991;1161
1784467;1161
1785930;1161
1787551;1161
1790293;1161
1794634;1161
1795965;1161
1796806;1161
1797389;1161
1802142;1161
1803146;1161
1803738;1161
1806328;1161
1809420;1161
1810537;1161
1811915;1161
1812418;1161
1813712;1161
1814012;1161
1815356;1161
1816522;1161
1817444;1161
1819576;1161
1820085;1161
1820141;1161
1821378;1161
1822482;1161
1822602;1161
1822625;1161
1823379;1161
1825862;1161
1826870;1161
1828090;1161
1828369;1161
1828926;1161
1831051;1161
1836644;1161
1838047;1161
1838130;1161
1839291;1161
1840694;1161
1843348;1161
1844758;1161
1845176;1161
1846978;1161
1848525;1161
1849728;1161
1850297;1161
1850479;1161
1852033;1161
1852135;1161
1853179;1161
1853425;1161
1854039;1161
1855131;1161
1855710;1161
1858909;1161
1860467;1161
1860592;1161
1860913;1161
1861057;1161
1862124;1161
1862230;1161
1862792;1161
1863437;1161
1863696;1161
1863869;1161
1865730;1161
1867239;1161
1867824;1161
1868973;1161
1870829;1161
1870869;1161
1873607;1161
1877708;1161
1877839;1161
1878090;1161
1880302;1161
1880304;1161
1880893;1161
1881066;1161
1882540;1161
1883690;1161
1885017;1161
1886601;1161
1887458;1161
1887849;1161
1888873;1161
1889086;1161
1890020;1161
1896771;1161
1897606;1161
1897723;1161
1898006;1161
1898686;1161
1899215;1161
1900354;1161
1901189;1161
1903939;1161
1905468;1161
1906057;1161
1906065;1161
1906459;1161
1908746;1161
1909483;1161
1912459;1161
1914254;1161
1916216;1161
1916515;1161
1916658;1161
1918785;1161
1921770;1161
1922244;1161
1923055;1161
1923192;1161
1923309;1161
1924274;1161
1924339;1161
1925175;1161
1926243;1161
1926951;1161
1930301;1161
1931368;1161
1931664;1161
1933032;1161
1933119;1161
1934078;1161
1936602;1161
1939208;1161
1939735;1161
1940907;1161
1941845;1161
1941990;1161
1943189;1161
1943233;1161
1944302;1161
1945633;1161
1945950;1161
1946214;1161
1946546;1161
1946929;1161
1947014;1161
1947812;1161
1948150;1161
1948458;1161
1949950;1161
1952341;1161
1953744;1161
1956504;1161
1957019;1161
1957957;1161
1958194;1161
1960538;1161
1963662;1161
1965000;1161
1965716;1161
1966755;1161
1968164;1161
1968346;1161
1969647;1161
1970360;1161
1971509;1161
1973503;1161
1974000;1161
1975667;1161
1976906;1161
1980523;1161
1980754;1161
1980990;1161
1983765;1161
1983777;1161
1984229;1161
1984722;1161
1984991;1161
1985939;1161
1988493;1161
1990563;1161
1990951;1161
1991023;1161
1991504;1161
1992556;1161
1992638;1161
1994315;1161
1995311;1161
1997596;1161
1998550;1161
1999729;1161
1999943;1161
2000496;1161
2000782;1161
2001739;1161
2001961;1161
2003921;1161
2005732;1161
2006252;1161
2006664;1161
2007070;1161
2007242;1161
2007515;1161
2008596;1161
2008818;1161
2008863;1161
2010544;1161
2010738;1161
2011396;1161
2012017;1161
2013094;1161
2015125;1161
2015749;1161
2017557;1161
2017666;1161
2018496;1161
2018584;1161
2019254;1161
2020031;1161
2021213;1161
2022703;1161
2023353;1161
2023929;1161
2024863;1161
2025045;1161
2025534;1161
2025656;1161
2027222;1161
2027256;1161
2027515;1161
2028792;1161
2030062;1161
2030666;1161
2030871;1161
2030935;1161
2031353;1161
2031799;1161
2035400;1161
2036467;1161
2036809;1161
2037221;1161
2039032;1161
2039166;1161
2042862;1161
2043478;1161
2043905;1161
2044130;1161
2044615;1161
2045080;1161
2046363;1161
2047233;1161
2048166;1161
2048678;1161
2048712;1161
2049023;1161
2050707;1161
2054738;1161
2055540;1161
2056236;1161
2057127;1161
2057648;1161
2057828;1161
2059488;1161
2059961;1161
2061189;1161
2062993;1161
2063759;1161
2065881;1161
2066168;1161
2069118;1161
2070119;1161
2070499;1161
2071017;1161
2072858;1161
2073155;1161
2074808;1161
2076701;1161
2077660;1161
2077712;1161
2077805;1161
2080257;1161
2081131;1161
2081604;1161
2082743;1161
2082974;1161
2083152;1161
2083613;1161
2083653;1161
2084486;1161
2085655;1161
2086317;1161
2087553;1161
2087596;1161
2088587;1161
2089746;1161
2090763;1161
2091632;1161
2091832;1161
2093604;1161
2094112;1161
2094756;1161
2095284;1161
2096093;1161
2096121;1161
657863;1161
1187304;1162