78603;0
518531;0
711179;0
1823484;0
941;0
17612;1
2672;1
164193;2
272299;2
608482;2
1061543;2
1304803;2
1482663;2
4343;2
205691;3
1528665;3
4828;3
225622;4
325528;4
795501;4
973665;4
1747170;4
1932928;4
2013273;4
4908;4
6534;5
755822;5
757845;5
986349;5
1076477;5
1549439;5
6110;5
431836;6
510274;6
1008448;6
1070212;6
1305659;6
1942120;6
2037299;6
6936;6
306905;7
634799;7
2049819;7
7339;7
313742;8
704362;8
742301;8
1195226;8
1334236;8
2045913;8
8129;8
380279;9
1007694;9
1819553;9
8672;9
266349;10
1049061;10
1152246;10
1312277;10
1594431;10
1763807;10
1786015;10
1941455;10
10019;10
121745;11
467299;11
730430;11
760596;11
873971;11
1276986;11
1337278;11
1570944;11
2080368;11
10089;11
1591840;12
10371;12
77687;13
420615;13
577008;13
1057378;13
10802;13
445535;14
637544;14
1310270;14
11053;14
371361;15
408012;15
1671980;15
11269;15
483106;16
483896;16
879255;16
11311;16
176894;17
288050;17
315002;17
370075;17
436419;17
552471;17
596812;17
692898;17
738277;17
742153;17
773466;17
787081;17
865729;17
989161;17
1046855;17
1058885;17
1066834;17
1085383;17
1141828;17
1142213;17
1159594;17
1229384;17
1363415;17
1378617;17
1483941;17
1671447;17
1789736;17
1819963;17
1878482;17
11459;17
25802;18
297336;18
521065;18
524677;18
613142;18
667078;18
707627;18
822246;18
830648;18
990529;18
1006895;18
1014505;18
1061455;18
1080655;18
1141064;18
1154043;18
1170377;18
1342819;18
1357174;18
1567047;18
1631284;18
1646758;18
1673153;18
1712731;18
1754702;18
1758610;18
1862586;18
1914739;18
2018848;18
2069587;18
11810;18
258314;19
1059177;19
13052;19
13354;20
50359;21
173339;21
180883;21
304161;21
470762;21
1158920;21
14835;21
297404;22
581794;22
1111313;22
1248261;22
1660198;22
1997632;22
15466;22
1201599;23
15712;23
370579;24
1849623;24
1943386;24
15715;24
17914;25
947258;26
1363807;26
1960107;26
2095583;26
18121;26
122952;27
161627;27
184869;27
313274;27
750980;27
1329291;27
1755533;27
2000800;27
2007219;27
18134;27
186115;28
671567;28
1811210;28
18745;28
939891;29
19162;29
1915520;30
19509;30
81689;31
241855;31
321318;31
587206;31
721255;31
774798;31
998420;31
1455959;31
1846010;31
19843;31
603629;32
1277248;32
1542464;32
20403;32
1201079;33
1685011;33
2066972;33
20448;33
214139;34
866601;34
1904031;34
2026345;34
20700;34
263393;35
342516;35
531338;35
609256;35
1194287;35
1425352;35
1831128;35
20967;35
1883384;36
2056082;36
20986;36
174974;37
504300;37
1108483;37
1446356;37
1480703;37
21665;37
35589;38
40608;38
97241;38
127569;38
151265;38
186682;38
211284;38
217614;38
238279;38
258535;38
570711;38
593615;38
614267;38
686348;38
704378;38
758067;38
829110;38
883302;38
996268;38
1065491;38
1067572;38
1216465;38
1251090;38
1310766;38
1382417;38
1397942;38
1412631;38
1549361;38
1587850;38
1706832;38
1743366;38
1799033;38
1821472;38
1822174;38
1862455;38
1955205;38
24136;38
675710;39
717503;39
1511397;39
2054562;39
25747;39
1196426;40
25792;40
355680;41
629470;41
993195;41
1241516;41
1359382;41
1624321;41
1788018;41
1932614;41
2057133;41
25883;41
72120;42
444297;42
677589;42
734861;42
818164;42
1396757;42
1682503;42
1804735;42
26866;42
518180;43
1887790;43
27343;43
443711;44
595748;44
1718690;44
27774;44
309261;45
1931591;45
31954;45
98371;46
125303;46
140461;46
173102;46
190992;46
203445;46
209832;46
218279;46
300315;46
393354;46
401428;46
534277;46
538957;46
682629;46
750143;46
764255;46
804851;46
868659;46
912895;46
977669;46
986021;46
1042280;46
1093721;46
1127694;46
1172390;46
1262713;46
1284436;46
1304658;46
1435805;46
1494697;46
1497676;46
1578523;46
1684033;46
1739364;46
1745223;46
1773283;46
1836075;46
1837146;46
1860181;46
1901680;46
1919714;46
1932220;46
32672;46
569502;47
854271;47
1838691;47
32993;47
1283679;48
1809880;48
33357;48
1040142;49
1168815;49
1485450;49
1499959;49
1615550;49
2042540;49
33417;49
166806;50
776705;50
884977;50
938463;50
1024085;50
1225393;50
1400547;50
1557777;50
1713904;50
33434;50
302331;51
480776;51
1208008;51
1283210;51
1336623;51
1446794;51
1511459;51
1838792;51
1885677;51
33707;51
483812;52
539907;52
1297867;52
1525975;52
1569963;52
1636010;52
2026615;52
36450;52
291785;53
647535;53
821721;53
941906;53
1221753;53
1334972;53
36486;53
1579187;54
1594971;54
1795292;54
36752;54
65109;55
437544;55
448873;55
661980;55
1176719;55
1241725;55
1479571;55
1513573;55
1759022;55
1772176;55
37330;55
1908621;56
37693;56
549003;57
739695;57
769381;57
823913;57
864019;57
1607944;57
1618056;57
38398;57
131876;58
733140;58
805298;58
821075;58
1357973;58
1508923;58
1549219;58
38492;58
257896;59
379254;59
748592;59
1208350;59
1971852;59
38622;59
1217871;60
1379300;60
1434450;60
40570;60
40624;61
71731;62
97456;62
255983;62
410025;62
577528;62
762079;62
1042152;62
1415170;62
1565062;62
40881;62
1280655;63
1322580;63
41289;63
84438;64
525850;64
1715723;64
41879;64
1764441;65
1786133;65
1983777;65
43513;65
291511;66
1620753;66
1882651;66
43833;66
185523;67
446167;67
1197899;67
1258290;67
1292929;67
1375289;67
1823310;67
44403;67
870188;68
1031660;68
45138;68
811356;69
1809285;69
1908375;69
45840;69
218084;70
46326;70
1275173;71
1524136;71
46423;71
751342;72
1189602;72
1448389;72
47101;72
328657;73
871333;73
873143;73
1217112;73
2090883;73
47327;73
250943;74
374824;74
375714;74
597706;74
875692;74
1342832;74
1695328;74
1840656;74
2068147;74
48628;74
128533;75
440632;75
484248;75
1393253;75
1873375;75
48730;75
223567;76
330132;76
49111;76
85750;77
427493;77
1134424;77
1181215;77
2091426;77
49375;77
67142;78
587043;78
638913;78
1670069;78
50181;78
2072090;79
2083172;79
51893;79
81292;80
1509635;80
52671;80
1922302;81
53898;81
1001533;82
1145752;82
1748282;82
1984949;82
55307;82
770252;83
974159;83
1341804;83
2019077;83
56467;83
571672;84
768975;84
1528279;84
1711548;84
1997013;84
57379;84
94185;85
95353;85
99609;85
109455;85
1607547;85
1675667;85
1817739;85
1981617;85
58017;85
956339;86
60633;86
127037;87
168587;87
298495;87
525323;87
1326471;87
1640943;87
1728432;87
62001;87
156781;88
592391;88
800081;88
841387;88
991160;88
1079396;88
1524498;88
1770468;88
1946142;88
2074966;88
62641;88
939665;89
1565339;89
63694;89
1196711;90
1324567;90
1687201;90
1713404;90
64304;90
101816;91
1394838;91
1529852;91
1861684;91
2057936;91
64694;91
1332445;92
1815116;92
65293;92
133312;93
66039;93
67063;94
235093;95
345421;95
519503;95
571810;95
586185;95
1136675;95
1173076;95
1481209;95
1562105;95
2046348;95
67102;95
683940;96
998036;96
1843161;96
69324;96
1566766;97
69340;97
1436888;98
1945467;98
69348;98
69530;99
1947812;100
1990578;100
70028;100
515472;101
1872990;101
70408;101
931519;102
1450426;102
1731572;102
71472;102
92759;103
536972;103
557026;103
580486;103
952821;103
1143639;103
1161488;103
2047880;103
72385;103
1695521;104
1787637;104
73058;104
374745;105
455752;105
1109689;105
1881823;105
73216;105
73415;106
204057;106
1330734;106
1705011;106
73245;106
255455;107
1409020;107
1751308;107
73365;107
786425;108
1002951;108
73436;108
1596977;109
73832;109
1280922;110
1321359;110
1480813;110
1901765;110
2051549;110
74613;110
393107;111
583339;111
731443;111
779535;111
918738;111
947320;111
1128580;111
74616;111
412282;112
75849;112
391338;113
76731;113
290404;114
531144;114
1411899;114
1820773;114
77124;114
77892;115
77985;116
471557;117
575701;117
1906760;117
78960;117
419953;118
618526;118
900405;118
1947415;118
80019;118
1839291;119
1970184;119
80317;119
258967;120
405279;120
1138420;120
1417243;120
1749109;120
2052043;120
83376;120
462663;121
715390;121
756638;121
1345871;121
1592997;121
1892706;121
83986;121
1740708;122
1987765;122
84322;122
742578;123
962522;123
1917119;123
86614;123
468827;124
87053;124
274315;125
399720;125
857192;125
1995589;125
87264;125
452530;126
1429989;126
1597848;126
88388;126
1464019;127
89618;127
153470;128
575771;128
825466;128
910939;128
970490;128
1224245;128
90317;128
1451127;129
1477256;129
1611141;129
1959437;129
91182;129
620880;130
1264051;130
1738264;130
92371;130
126182;131
659085;131
1078699;131
94067;131
1830372;132
94906;132
230498;133
277274;133
312564;133
874887;133
1203064;133
1547860;133
1596719;133
95161;133
305841;134
874070;134
95206;134
523661;135
953272;135
1578431;135
96152;135
656123;136
1233831;136
2020630;136
96203;136
1083363;137
96504;137
287675;138
1071678;138
1584066;138
1718408;138
1882987;138
1894702;138
1911267;138
1991168;138
96702;138
1492555;139
96972;139
411180;140
99118;140
103653;141
156422;141
1922847;141
99755;141
207136;142
1771245;142
100174;142
354488;143
822469;143
1959069;143
100951;143
415384;144
809595;144
1559953;144
1977746;144
101592;144
313073;145
657863;145
1412235;145
1937834;145
103006;145
691191;146
1155936;146
1340628;146
1645904;146
103422;146
217095;147
259974;147
536034;147
1498976;147
104006;147
506678;148
667855;148
1265839;148
1813981;148
2006561;148
104177;148
193473;149
105151;149
1180630;150
1212680;150
1386541;150
105229;150
254180;151
105331;151
352736;152
455154;152
923529;152
1197655;152
1252119;152
1305795;152
1349217;152
1391505;152
1500409;152
105732;152
107173;153
969502;154
1046688;154
1499757;154
1619784;154
108423;154
319867;155
1719557;155
108559;155
340699;156
365286;156
108944;156
110075;157
111758;158
663450;159
885723;159
1027812;159
1261515;159
111845;159
793703;160
1472727;160
111975;160
238547;161
302771;161
845597;161
1319602;161
113536;161
827389;162
1617541;162
1827053;162
114521;162
699254;163
862889;163
115296;163
454462;164
1571283;164
115573;164
1058571;165
1267460;165
1365332;165
115680;165
1521668;166
1626629;166
1909047;166
116009;166
842645;167
1119534;167
1220077;167
117066;167
639730;168
1554434;168
119370;168
146240;169
618704;169
1075494;169
1707585;169
1848529;169
2094648;169
119477;169
326438;170
444008;170
1684262;170
119750;170
405929;171
674611;171
1051158;171
1176667;171
1491664;171
1749548;171
1848663;171
119934;171
930161;172
1551364;172
1630278;172
1961439;172
120476;172
120607;173
460630;174
539156;174
121066;174
1362332;175
121295;175
943291;176
121980;176
546321;177
1248154;177
1760095;177
122907;177
180277;178
919985;178
1936551;178
123332;178
829257;179
1246785;179
1844006;179
123962;179
165328;180
215916;180
543168;180
1188816;180
1366676;180
1409736;180
1754028;180
2010383;180
124408;180
152250;181
808070;181
1357916;181
1794014;181
125285;181
1865730;182
125781;182
667963;183
1117699;183
127426;183
509358;184
1841960;184
128920;184
494296;185
835642;185
1495961;185
129457;185
295428;186
1188959;186
1339498;186
130142;186
386790;187
1789454;187
130741;187
404212;188
130895;188
1700834;189
132087;189
805435;190
1286289;190
132781;190
727998;191
1368389;191
1492009;191
1513840;191
1865282;191
1975667;191
1980139;191
133205;191
149913;192
265272;192
422666;192
428815;192
678642;192
1940081;192
1942625;192
134366;192
134576;193
579897;194
1134427;194
1773176;194
135051;194
1155829;195
1727869;195
2082142;195
136570;195
697469;196
1027483;196
1695941;196
2056864;196
136693;196
154595;197
386827;197
651835;197
1322523;197
1971223;197
137608;197
137622;198
1362210;199
138464;199
794748;200
1274841;200
1623490;200
140029;200
880807;201
968967;201
1208151;201
1437636;201
1509021;201
1612579;201
1791156;201
142394;201
679297;202
875863;202
1098358;202
1246650;202
1405426;202
1597320;202
1858381;202
143415;202
217701;203
894528;203
145135;203
359044;204
396118;204
1643625;204
146719;204
572263;205
1119013;205
147024;205
206661;206
280592;206
426427;206
507501;206
538702;206
544838;206
572089;206
658416;206
802526;206
821572;206
848941;206
923097;206
996760;206
1062596;206
1133935;206
1180901;206
1223224;206
1260667;206
1267964;206
1323375;206
1332962;206
1333640;206
1393239;206
1419751;206
1488905;206
1527872;206
1552214;206
1578455;206
1589400;206
1690335;206
1743471;206
1778371;206
1878687;206
1935883;206
1945731;206
148043;206
476970;207
820425;207
1119337;207
1263311;207
1547150;207
2017474;207
148882;207
357179;208
872825;208
1428997;208
1588767;208
149057;208
161395;209
575483;209
1116329;209
1241160;209
1570102;209
152338;209
216057;210
476649;210
1081274;210
1219503;210
1869005;210
2004816;210
153027;210
1932290;211
154530;211
254029;212
1106999;212
1107890;212
156268;212
950135;213
1010543;213
1221993;213
156751;213
206687;214
157752;214
639721;215
1718771;215
158275;215
1689641;216
159418;216
612957;217
950113;217
2061906;217
160360;217
480696;218
700779;218
731282;218
822115;218
1002597;218
1027078;218
1468447;218
1561938;218
161406;218
161781;219
245969;220
516262;220
638964;220
668211;220
716681;220
974601;220
1678060;220
1739457;220
161994;220
409939;221
937230;221
1563928;221
162509;221
229913;222
551078;222
1019356;222
162948;222
268563;223
725559;223
163330;223
266580;224
551928;224
1173915;224
1583686;224
2060504;224
163738;224
444532;225
824453;225
1129455;225
1255142;225
1297648;225
1423904;225
1504044;225
1993568;225
164603;225
452524;226
1001032;226
1252903;226
2046978;226
167470;226
1095464;227
1171272;227
1847046;227
168062;227
224982;228
914933;228
168448;228
474586;229
168703;229
1045234;230
1059549;230
1677597;230
168789;230
291624;231
475447;231
956179;231
1678754;231
169093;231
1759070;232
169687;232
211950;233
398487;233
888093;233
1325295;233
1366970;233
1636826;233
1815816;233
1830983;233
1936854;233
1984246;233
169797;233
365343;234
1849090;234
1939292;234
170430;234
357245;235
418150;235
970160;235
1045021;235
1979024;235
171002;235
619428;236
1287048;236
1541685;236
1886565;236
171066;236
2075534;237
171132;237
1009525;238
171536;238
975680;239
1494146;239
1667330;239
173232;239
413328;240
555649;240
1058644;240
173490;240
316323;241
384298;241
549727;241
677582;241
742371;241
781274;241
1154872;241
1157004;241
1394918;241
1603900;241
173593;241
1030897;242
1599761;242
173724;242
193621;243
174727;243
1365563;244
1950381;244
1975742;244
174785;244
921890;245
1022384;245
1099386;245
1221875;245
1416673;245
1727327;245
174818;245
630256;246
1197119;246
2016064;246
175598;246
646993;247
1136963;247
175741;247
1140789;248
176423;248
396030;249
624372;249
1412224;249
178304;249
345618;250
349317;250
733475;250
855567;250
1327711;250
1763715;250
1859190;250
179142;250
531348;251
179386;251
374355;252
523606;252
889064;252
1622104;252
1772919;252
1814880;252
179988;252
310080;253
959623;253
1330769;253
180539;253
1331654;254
1421418;254
1973863;254
180661;254
491409;255
525690;255
1950138;255
180789;255
575073;256
992174;256
1954538;256
182761;256
745640;257
898955;257
1669109;257
183441;257
290711;258
855830;258
183761;258
1574806;259
1729573;259
183920;259
670542;260
736972;260
941146;260
1448061;260
184333;260
197158;261
1649682;261
184573;261
340936;262
590966;262
1075202;262
186358;262
232689;263
773058;263
186726;263
205315;264
669571;264
737536;264
187130;264
587055;265
1945506;265
189481;265
1614473;266
2034208;266
189670;266
232490;267
473066;267
479433;267
790661;267
988776;267
1284357;267
1797310;267
2038667;267
191677;267
378101;268
657215;268
753790;268
772368;268
1413637;268
1678785;268
1756058;268
193629;268
256620;269
688673;269
865037;269
992334;269
1775516;269
2028099;269
193689;269
1455142;270
1833168;270
2044881;270
195058;270
1614660;271
2096715;271
195087;271
236573;272
891848;272
195248;272
213290;273
919935;273
973062;273
196239;273
1866264;274
197786;274
303603;275
437652;275
936244;275
197811;275
590704;276
198118;276
467470;277
1217836;277
1228908;277
198823;277
887962;278
1388022;278
199078;278
380345;279
389500;279
200249;279
233616;280
1138406;280
200828;280
1144228;281
1994529;281
203167;281
2090691;282
203184;282
735424;283
1184365;283
1455873;283
1656601;283
204101;283
1376643;284
1527767;284
2085080;284
206009;284
215593;285
231401;285
404746;285
531042;285
994097;285
207300;285
232274;286
496101;286
687781;286
709754;286
207530;286
801106;287
845135;287
1549048;287
208364;287
843401;288
931698;288
1269351;288
1297882;288
1373006;288
1651940;288
1706538;288
1796195;288
210814;288
1095099;289
1769864;289
211020;289
1758901;290
212191;290
1447202;291
1725069;291
215565;291
227048;292
537824;292
900022;292
943737;292
1060157;292
1218456;292
1289734;292
1998032;292
216278;292
1574616;293
2015695;293
216900;293
563629;294
824998;294
1012664;294
1246313;294
1937657;294
1970360;294
217150;294
1439010;295
217385;295
833129;296
965076;296
1410699;296
1554678;296
1728164;296
2060106;296
2093891;296
220550;296
223773;297
619203;297
755524;297
1248270;297
1681027;297
1908858;297
220592;297
248169;298
1194115;298
1598265;298
221400;298
385687;299
398292;299
706731;299
1246530;299
1317012;299
1360498;299
224128;299
441240;300
1834564;300
2019257;300
224606;300
444898;301
744541;301
757419;301
226280;301
1243186;302
1380475;302
227163;302
744631;303
227192;303
892965;304
998192;304
227533;304
1647214;305
229683;305
598158;306
642982;306
841015;306
1152233;306
1231028;306
1234713;306
229952;306
522711;307
1789535;307
1823549;307
231065;307
863916;308
231643;308
1452626;309
1517802;309
1947176;309
231868;309
725044;310
973520;310
233486;310
837989;311
234387;311
506703;312
535019;312
730971;312
1127288;312
1794504;312
236660;312
620186;313
724670;313
739949;313
1202675;313
1367089;313
1998752;313
2040759;313
239133;313
505852;314
744700;314
849738;314
1086703;314
1147212;314
1176992;314
1485916;314
1489409;314
1643468;314
1739186;314
239338;314
669970;315
1520987;315
1999088;315
239673;315
483809;316
2037429;316
240120;316
1031649;317
1221432;317
1873306;317
240423;317
241275;318
710414;319
1730554;319
241972;319
407458;320
1636226;320
242021;320
242353;321
644244;322
1084500;322
1638566;322
1944495;322
242900;322
496679;323
640904;323
245129;323
1573358;324
246199;324
841314;325
927280;325
1966429;325
246860;325
1187902;326
1523933;326
1629590;326
247384;326
557608;327
1563911;327
1943316;327
248036;327
643918;328
918404;328
1048798;328
248178;328
1117855;329
1143814;329
1513766;329
248437;329
288988;330
390887;330
1497224;330
248937;330
1196253;331
252796;331
702236;332
1158599;332
253140;332
1319112;333
2088133;333
254809;333
1232939;334
1419214;334
255331;334
432283;335
801862;335
1897980;335
258503;335
816686;336
1686907;336
258636;336
896242;337
920852;337
1820326;337
261021;337
267010;338
483295;338
1533712;338
263011;338
999107;339
1505024;339
1638051;339
263633;339
470906;340
598893;340
1133806;340
264185;340
1496683;341
265730;341
1166845;342
1276675;342
1401559;342
265933;342
661319;343
775388;343
889291;343
992688;343
1050928;343
1063775;343
1445238;343
1544742;343
1695419;343
1759695;343
266280;343
412589;344
1284163;344
1695977;344
1835458;344
266867;344
312794;345
499953;345
1019609;345
267034;345
367517;346
1325405;346
1494148;346
268856;346
1807119;347
268968;347
442925;348
1308960;348
1367476;348
2046019;348
269197;348
1250158;349
1699262;349
1764936;349
269657;349
880093;350
1014656;350
1065547;350
270344;350
457620;351
557816;351
270842;351
1567378;352
271049;352
317580;353
1463759;353
1564521;353
271995;353
272033;354
1028556;355
1666210;355
272624;355
1399755;356
1425469;356
1427875;356
1432187;356
1514680;356
1912012;356
273492;356
954782;357
273602;357
283252;358
365667;358
273748;358
1061778;359
1889737;359
274045;359
327024;360
646215;360
767374;360
864973;360
1298361;360
1612584;360
1813262;360
275317;360
1034322;361
275872;361
867873;362
922651;362
1666428;362
277883;362
671599;363
1152260;363
278036;363
304586;364
400555;364
1696282;364
279576;364
511781;365
589598;365
813636;365
931049;365
963148;365
1032029;365
280439;365
579661;366
1132521;366
281931;366
690293;367
1583367;367
1821975;367
284296;367
484335;368
2050707;368
285368;368
444761;369
530908;369
810123;369
856067;369
1381640;369
1643467;369
1967769;369
286210;369
686158;370
1938066;370
286746;370
891094;371
1508277;371
287114;371
1217734;372
287831;372
345382;373
1835505;373
288909;373
1319731;374
1563653;374
1710420;374
1912164;374
289181;374
580336;375
580635;375
596587;375
644063;375
1082862;375
1117298;375
1928375;375
1981182;375
292049;375
427660;376
810392;376
292339;376
1517572;377
2064523;377
293920;377
590879;378
1025484;378
1391811;378
1898399;378
294028;378
372482;379
1725488;379
295558;379
567841;380
753509;380
813540;380
1237943;380
1317709;380
1452405;380
1492679;380
295863;380
979804;381
297330;381
1326348;382
1699336;382
1770586;382
297403;382
1296115;383
1986003;383
297504;383
1454086;384
298620;384
504575;385
798854;385
1155666;385
1528551;385
1612730;385
299728;385
392869;386
992263;386
1250700;386
1796737;386
1994470;386
302897;386
680685;387
870379;387
1829621;387
305083;387
705064;388
877394;388
1086857;388
306076;388
455219;389
1233318;389
1438698;389
2016150;389
308387;389
1456293;390
308458;390
471413;391
313835;391
731228;392
904030;392
1526716;392
1587254;392
314102;392
473425;393
624964;393
2050303;393
314497;393
709279;394
1639753;394
317411;394
765755;395
1000708;395
318567;395
324556;396
1236441;397
2027844;397
326279;397
520054;398
1660730;398
1809394;398
328117;398
891183;399
328274;399
332069;400
328350;400
775678;401
1632922;401
1636144;401
2044683;401
329408;401
1257239;402
1413244;402
330141;402
525464;403
645268;403
1706569;403
330183;403
1185012;404
2065364;404
331284;404
1351556;405
1566170;405
1871817;405
331408;405
630587;406
1452427;406
1618745;406
333252;406
2023392;407
336328;407
580461;408
1522107;408
2081231;408
338530;408
1106618;409
1120636;409
1194932;409
1707191;409
341718;409
442891;410
553559;410
891456;410
1702399;410
345707;410
617164;411
924388;411
1182572;411
1254510;411
346310;411
957036;412
1135770;412
1333518;412
347770;412
1272536;413
349848;413
1360921;414
1836265;414
350693;414
1515466;415
350758;415
892578;416
1495984;416
1755750;416
352086;416
352434;417
931476;418
963448;418
1751670;418
1836866;418
353069;418
353418;419
1280718;420
1339043;420
1349798;420
355366;420
1930644;421
356121;421
395782;422
521397;422
1108472;422
1510830;422
1732392;422
1871332;422
1959217;422
1988049;422
2081562;422
356540;422
670093;423
754085;423
934074;423
1249417;423
1373261;423
1492370;423
1949435;423
356972;423
1679381;424
1980233;424
2059479;424
359592;424
1094699;425
361406;425
496306;426
942451;426
365191;426
564947;427
733929;427
788040;427
366288;427
634474;428
1187497;428
2075504;428
370786;428
1741651;429
1991592;429
372230;429
821837;430
839308;430
1495587;430
1633558;430
1744503;430
1996962;430
376187;430
626699;431
740139;431
376940;431
653975;432
883344;432
1045980;432
1287379;432
1390774;432
1756654;432
1899005;432
1920255;432
2009087;432
380915;432
1652057;433
381150;433
740577;434
1451935;434
1481697;434
382206;434
809736;435
1353005;435
1430803;435
1527441;435
1812811;435
1993180;435
382365;435
1401128;436
2028347;436
383251;436
383458;437
1430968;438
386585;438
638668;439
386611;439
628747;440
1701901;440
388680;440
819126;441
1244181;441
1924604;441
389918;441
567828;442
617800;442
1431963;442
390983;442
690602;443
1336232;443
2010544;443
393283;443
800878;444
1584300;444
2042333;444
394459;444
893229;445
1207462;445
1625046;445
1936703;445
395305;445
395694;446
1455657;447
396049;447
675561;448
398396;448
668662;449
398504;449
1938259;450
398618;450
1382429;451
1491001;451
1910777;451
399477;451
916428;452
1648997;452
400873;452
404087;453
689330;454
724433;454
861939;454
405703;454
813863;455
1906865;455
408230;455
1210755;456
410149;456
410496;457
499367;458
616205;458
729698;458
1108000;458
1230148;458
1679345;458
412610;458
420345;459
500451;459
667374;459
2049559;459
414676;459
1016471;460
1856188;460
414954;460
811548;461
896648;461
923924;461
1083305;461
1372177;461
1791838;461
1852766;461
1873033;461
415477;461
415491;462
614907;463
941235;463
1039698;463
1800117;463
415669;463
714238;464
811009;464
2012559;464
416135;464
571588;465
419318;465
532424;466
1469128;466
2017643;466
419467;466
1660166;467
420195;467
1007202;468
2007598;468
422300;468
1115434;469
1141551;469
1679652;469
2061796;469
423283;469
2006807;470
423379;470
713254;471
925233;471
1171069;471
1379128;471
1525028;471
1537249;471
1576297;471
423456;471
1379586;472
423861;472
533015;473
564792;473
1056187;473
1555973;473
424481;473
813316;474
1477437;474
425099;474
487106;475
847132;475
1064898;475
1331768;475
1656259;475
2040718;475
427544;475
628598;476
1603013;476
2055411;476
430753;476
477168;477
431280;477
770923;478
929532;478
433010;478
434962;479
442534;480
485743;480
525932;480
544881;480
1191435;480
1349992;480
435344;480
1034569;481
437077;481
1958194;482
438500;482
580064;483
1053224;483
1464748;483
1696241;483
439105;483
439584;484
1165018;485
1760325;485
1988755;485
439678;485
1083765;486
1197891;486
439907;486
440242;487
735477;488
1879195;488
443085;488
886431;489
1755554;489
1966966;489
443367;489
961303;490
977857;490
1029556;490
444736;490
958886;491
1089790;491
1525103;491
445806;491
462140;492
566662;492
590105;492
699874;492
759256;492
998481;492
1314084;492
1946314;492
449158;492
480467;493
1047819;493
449821;493
1574967;494
1737013;494
1812068;494
450819;494
662057;495
1416498;495
452016;495
867286;496
1198178;496
1788664;496
453840;496
494252;497
720589;497
1127216;497
1187061;497
1562186;497
1843798;497
454701;497
697057;498
1813380;498
2035914;498
2079003;498
459445;498
1854510;499
459917;499
749491;500
1590133;500
1874212;500
461118;500
492765;501
610522;501
461178;501
703296;502
985277;502
992045;502
1300247;502
1388162;502
1800174;502
462736;502
540914;503
464613;503
797317;504
821251;504
1564534;504
2018684;504
2041384;504
464830;504
539386;505
1108132;505
1731054;505
468242;505
1012604;506
469296;506
2032130;507
2032678;507
469357;507
1107698;508
2047018;508
2067907;508
473436;508
1925213;509
474236;509
846631;510
476444;510
952202;511
1128427;511
476784;511
509441;512
511389;512
743963;512
865155;512
959427;512
1753118;512
477978;512
511161;513
1144498;513
481534;513
1299176;514
1694681;514
485035;514
1286480;515
1309481;515
1713869;515
486500;515
916602;516
1174742;516
1683311;516
1875369;516
487752;516
1280868;517
1467932;517
1607208;517
1763638;517
490718;517
644431;518
1258137;518
491520;518
557544;519
959295;519
1014820;519
1029726;519
1201175;519
1383548;519
1476568;519
1562625;519
492974;519
592583;520
742713;520
1324081;520
1341575;520
1650796;520
1857726;520
493005;520
970012;521
1261486;521
1880065;521
1903719;521
494254;521
599345;522
1543979;522
496557;522
692081;523
1242773;523
498009;523
861665;524
917809;524
499275;524
933372;525
938197;525
1192794;525
1446246;525
1509307;525
1623035;525
500215;525
726121;526
736263;526
1147101;526
503822;526
1744199;527
2078034;527
503970;527
620478;528
1514367;528
1739814;528
504304;528
892885;529
1035709;529
504450;529
777171;530
1683856;530
2080929;530
505182;530
574210;531
652484;531
766395;531
997011;531
1242167;531
1371106;531
1522908;531
1813824;531
1846280;531
2015129;531
506611;531
1593258;532
1762242;532
1836139;532
508018;532
694491;533
510394;533
651950;534
825258;534
513541;534
750163;535
515271;535
1087254;536
516163;536
520109;537
1537168;538
1898284;538
521692;538
644885;539
1080969;539
1600469;539
1629516;539
1781070;539
1935406;539
521750;539
2000894;540
522186;540
1684728;541
2087525;541
523977;541
995301;542
527693;542
744879;543
528530;543
714076;544
1455313;544
532442;544
535082;545
1174929;546
1236917;546
1732075;546
1802750;546
535529;546
1444056;547
535691;547
627051;548
538711;548
2065333;549
2073899;549
539385;549
539617;550
737575;551
798869;551
871111;551
1902375;551
1934504;551
539865;551
942816;552
544439;552
901297;553
1346096;553
1660523;553
1691480;553
545873;553
1317574;554
1510967;554
1742829;554
546233;554
695020;555
938179;555
1250941;555
1426301;555
1588412;555
1899557;555
546825;555
1562922;556
547435;556
1213563;557
1428652;557
1453536;557
549068;557
554218;558
863925;559
1668273;559
557591;559
1185685;560
557868;560
815693;561
984398;561
1326584;561
2042186;561
558149;561
1243914;562
1269504;562
1846142;562
558196;562
841552;563
1247820;563
1653780;563
559950;563
560114;564
1321313;565
1901230;565
1905354;565
560932;565
875548;566
1066335;566
560979;566
602428;567
618278;567
1803705;567
561890;567
562597;568
1016895;569
1103365;569
1197255;569
564293;569
1668984;570
1987241;570
2005820;570
565351;570
674787;571
909776;571
565653;571
752256;572
566677;572
731580;573
1132882;573
567024;573
835984;574
1389673;574
1400270;574
569764;574
1218201;575
1680353;575
570267;575
1060589;576
1364982;576
1523396;576
571405;576
870289;577
1698283;577
573455;577
1822171;578
574013;578
848858;579
1736353;579
1917639;579
574150;579
986641;580
577571;580
1093081;581
1631132;581
1642537;581
578583;581
673451;582
910527;582
1177549;582
1875935;582
579220;582
838917;583
1143856;583
1223310;583
1267918;583
1537207;583
580785;583
635075;584
1168221;584
584668;584
664389;585
1874534;585
585760;585
1609200;586
1933593;586
2064511;586
589381;586
645418;587
1865549;587
590658;587
1253108;588
1982133;588
590785;588
1233506;589
1273322;589
1353156;589
591107;589
1442611;590
1489451;590
1586378;590
1954188;590
591150;590
832662;591
1114109;591
1124046;591
1198534;591
1424087;591
1534016;591
1571183;591
591820;591
1354188;592
593157;592
593798;593
993663;594
594316;594
1394901;595
1856019;595
595511;595
1027276;596
1104264;596
1566005;596
596157;596
728622;597
1678214;597
596234;597
925094;598
1539142;598
598194;598
600044;599
666534;600
983693;600
1170077;600
1885933;600
601331;600
1229444;601
1233488;601
605020;601
1513120;602
606198;602
810496;603
607854;603
1358002;604
609983;604
827020;605
969451;605
610043;605
866007;606
612084;606
1237644;607
612108;607
945959;608
1288298;608
1739582;608
614566;608
1478594;609
615627;609
1230079;610
1393976;610
1953117;610
1991853;610
618897;610
1148243;611
1297787;611
1765818;611
619064;611
641364;612
791139;612
1230858;612
1626521;612
2079904;612
620990;612
938574;613
941089;613
622205;613
855712;614
1899383;614
1932219;614
626101;614
953336;615
970547;615
1101472;615
1130496;615
1283332;615
1632214;615
626177;615
1486047;616
1690685;616
1797150;616
629048;616
1512997;617
629339;617
1335508;618
1993152;618
629585;618
974810;619
1337430;619
1981451;619
2004343;619
635721;619
726680;620
1121586;620
635878;620
682679;621
897257;621
1255453;621
1639202;621
1687983;621
1991646;621
636911;621
1020418;622
1028085;622
1360715;622
637018;622
1543266;623
1819827;623
2079527;623
637839;623
1536714;624
639021;624
725019;625
1088678;625
1201815;625
639466;625
1873443;626
1953824;626
2014530;626
643447;626
647574;627
859113;628
1730482;628
647751;628
960214;629
1687029;629
649692;629
1052726;630
1075446;630
1600283;630
2068577;630
649981;630
650064;631
687631;632
872243;632
1861552;632
651614;632
749964;633
794083;633
1633457;633
656653;633
741636;634
950716;634
1259987;634
657135;634
1349555;635
1713332;635
659383;635
1369183;636
1540944;636
2077170;636
660200;636
919861;637
1074829;637
1087978;637
661923;637
1105719;638
1718288;638
1798127;638
662174;638
755509;639
969466;639
1017164;639
1469633;639
1766671;639
1819320;639
664178;639
1140347;640
665529;640
1677351;641
1688712;641
667857;641
1901189;642
668484;642
752231;643
949863;643
669018;643
672552;644
1604354;645
1668820;645
2036617;645
673502;645
1314513;646
1828090;646
674952;646
869478;647
675612;647
704292;648
1402234;648
677612;648
1721166;649
1732683;649
683323;649
1320644;650
1863437;650
684239;650
1061215;651
1350922;651
2042862;651
685539;651
1385557;652
1711423;652
686826;652
1432488;653
1922244;653
1947928;653
690597;653
738239;654
1286459;654
2015749;654
692659;654
934929;655
697497;655
961328;656
1337249;656
697944;656
1365219;657
1736603;657
1774855;657
1823547;657
2084304;657
698132;657
932874;658
698208;658
886626;659
1390837;659
1448673;659
1562191;659
699326;659
1268786;660
702567;660
1914254;661
2085655;661
703402;661
1089957;662
1381453;662
1822625;662
703792;662
1527648;663
1998550;663
2087553;663
704004;663
811616;664
1051722;664
1632771;664
705492;664
1001822;665
1501359;665
705542;665
1085806;666
1453012;666
705880;666
714380;667
935776;667
1125646;667
1449824;667
1683303;667
708080;667
1570579;668
710220;668
857166;669
1363381;669
711301;669
1649471;670
712357;670
1084813;671
1863696;671
712463;671
1199860;672
1870869;672
714084;672
1491271;673
715332;673
1216041;674
2025656;674
718869;674
930115;675
1731611;675
2089746;675
723424;675
1297877;676
1652892;676
1999729;676
723831;676
918616;677
1155879;677
1234605;677
1314558;677
1595784;677
2089499;677
723987;677
810677;678
999011;678
1483065;678
726657;678
861673;679
1599181;679
1968164;679
730966;679
1079812;680
735230;680
736288;681
2076701;682
2091832;682
737782;682
1772261;683
741411;683
1346533;684
1903877;684
2038469;684
2081355;684
745324;684
1106029;685
746010;685
1511028;686
750540;686
1183890;687
755534;687
1034871;688
1276624;688
757027;688
1470439;689
1688081;689
762485;689
880166;690
1871836;690
766183;690
1871927;691
766218;691
1784467;692
766528;692
1294321;693
1320383;693
766649;693
1132076;694
774775;694
974088;695
1934078;695
774876;695
1245603;696
1883690;696
777006;696
856573;697
1148414;697
1229660;697
1388440;697
1678204;697
1740829;697
778784;697
851838;698
1867239;698
778821;698
1734528;699
1758493;699
2062993;699
779905;699
1118450;700
1346148;700
1960538;700
783306;700
1007980;701
1118070;701
1233136;701
784784;701
1165425;702
1178195;702
1459714;702
1873607;702
1923192;702
2081131;702
787796;702
2094112;703
788576;703
1941845;704
793595;704
810735;705
1082547;705
1346967;705
1490672;705
1692925;705
795257;705
856425;706
795970;706
2007242;707
797787;707
1616612;708
1825492;708
2038662;708
797872;708
1234761;709
799282;709
1023008;710
1367778;710
1772990;710
799354;710
1888873;711
805058;711
1111309;712
1128912;712
806422;712
1524848;713
810212;713
1547652;714
810887;714
1229505;715
813641;715
1058549;716
1230993;716
1323723;716
816938;716
985107;717
1764153;717
818140;717
1790293;718
1933119;718
818521;718
943772;719
822936;719
1591741;720
825652;720
1693514;721
829460;721
965842;722
1853425;722
832725;722
1101250;723
1969647;723
2007070;723
835106;723
1988493;724
835640;724
1849728;725
836515;725
1169631;726
1760535;726
1953744;726
2012017;726
837420;726
1195307;727
1781105;727
837587;727
1315171;728
1558970;728
840221;728
854137;729
1360141;729
1749818;729
1889086;729
844319;729
2016911;730
846519;730
903264;731
1540524;731
1703818;731
847619;731
848800;732
1483004;733
849521;733
850324;734
1735326;735
854341;735
897556;736
1090219;736
1235878;736
1414966;736
1801335;736
1862567;736
1943228;736
856590;736
1459134;737
859038;737
1710455;738
864018;738
1206646;739
1310461;739
1796806;739
865019;739
976932;740
868222;740
1053453;741
871672;741
1414051;742
1528320;742
1834151;742
872429;742
1595210;743
873560;743
1062421;744
1816522;744
878407;744
1033337;745
1171409;745
1196605;745
1850479;745
878878;745
1375106;746
2056236;746
879813;746
1235058;747
880619;747
1095836;748
1343758;748
1504898;748
881043;748
1885661;749
884260;749
1216773;750
1406001;750
884921;750
1383457;751
2019668;751
885299;751
1234191;752
885675;752
969955;753
1806328;753
886397;753
1632441;754
1939208;754
887524;754
901652;755
887960;755
1196999;756
1403341;756
888391;756
1152153;757
1180391;757
1483318;757
1931664;757
892547;757
1463578;758
896394;758
1906065;759
896487;759
1229412;760
903769;760
1574042;761
1743013;761
1763939;761
910050;761
1201916;762
914446;762
1115919;763
1447331;763
921294;763
1295204;764
1991023;764
921389;764
1180958;765
922325;765
1369240;766
1635641;766
923760;766
1350073;767
1406861;767
1515197;767
1594599;767
926364;767
928330;768
1557603;769
1644063;769
1812418;769
935954;769
1088488;770
1116385;770
1788413;770
942846;770
1313613;771
1629394;771
944133;771
1965146;772
946134;772
947419;773
963275;774
947796;774
949503;775
1162853;776
1549032;776
1565051;776
958301;776
1288335;777
1382854;777
1736872;777
959272;777
1724998;778
966656;778
1278658;779
969256;779
1078914;780
1477221;780
1689451;780
969531;780
973383;781
2025045;782
977105;782
1687109;783
979599;783
983590;784
997940;785
1048262;785
984199;785
984542;786
1418361;787
1743546;787
985980;787
1519004;788
1642758;788
990811;788
1099687;789
992800;789
1081552;790
1257635;790
1753225;790
993678;790
1948150;791
996258;791
1210500;792
1898006;792
1976906;792
2095284;792
998575;792
1535130;793
1878167;793
1008236;793
1727579;794
1010817;794
1698488;795
1838047;795
1011112;795
1030195;796
1086555;796
1094296;796
1178625;796
1227574;796
1533011;796
1013602;796
1013683;797
1025781;798
2044615;799
1029542;799
1941990;800
1030805;800
1174886;801
1713815;801
1035740;801
1038231;802
1039362;803
1750619;804
1039702;804
1480300;805
2008596;805
1049333;805
1051684;806
1142347;807
1817444;807
1860592;807
1059756;807
1520389;808
1739976;808
1848525;808
1067956;808
1465836;809
1469401;809
1069549;809
1074970;810
1103520;811
1461139;811
1652808;811
1764533;811
1075706;811
1363727;812
1078803;812
2024863;813
1080834;813
1567292;814
1575381;814
1966755;814
1080859;814
1081515;815
1238170;816
1293978;816
2082974;816
1081674;816
1613678;817
1081927;817
1414174;818
1696430;818
1083263;818
2080257;819
1086053;819
1088533;820
1089132;821
1246537;822
1716506;822
1886292;822
1091841;822
1098136;823
1776141;824
1099345;824
1116214;825
1122884;826
1240527;827
1690345;827
1131284;827
1131984;828
1559270;829
1603218;829
1903939;829
1134821;829
1264945;830
1862124;830
1135093;830
1556727;831
1906384;831
1136377;831
1429549;832
1138286;832
1751094;833
1862792;833
1154392;833
1295908;834
1156155;834
1640316;835
1999943;835
1156815;835
1156947;836
1604756;837
1164505;837
1379445;838
1667161;838
1175115;838
1279087;839
1180289;839
1190398;840
1598831;840
1181497;840
1182208;841
1203802;842
1626299;842
1808716;842
1182901;842
1760383;843
1188103;843
1589559;844
1191555;844
1426952;845
2010176;845
1197774;845
1406469;846
1994315;846
1202957;846
1607917;847
1205461;847
1822482;848
1207988;848
1400744;849
1502547;849
1209234;849
1794634;850
1209628;850
1323905;851
1209830;851
1297695;852
1887849;852
1213994;852
1236601;853
1663413;854
1757507;854
1243677;854
2035400;855
1245273;855
1281941;856
1283386;857
1288670;858
1288884;859
1738212;860
1743350;860
1952341;860
1295158;860
1378878;861
1813712;861
1882540;861
2005732;861
1302430;861
1306211;862
1307724;863
1358982;864
1576499;864
1308356;864
1318220;865
1762248;866
1320651;866
1322472;867
1456874;868
1326863;868
1906057;869
1334702;869
1729923;870
1336870;870
1337261;871
1344899;872
1855484;873
1346459;873
1352405;874
1586794;875
1613963;875
1356646;875
1877708;876
1359667;876
1360635;877
1939735;878
1367258;878
1760129;879
1370805;879
1672782;880
1906453;880
1377615;880
1611783;881
1381070;881
1452686;882
1385812;882
1946929;883
2066168;883
1390240;883
1723510;884
1392457;884
1394394;885
1397469;886
1401329;887
1434060;888
1633599;888
1656130;888
1401601;888
1416116;889
1636270;890
1432249;890
1831051;891
1439498;891
1443177;892
1448056;893
1750125;894
1753286;894
2001739;894
1461327;894
1803086;895
1474864;895
1743218;896
1475524;896
1738768;897
1926243;897
1484413;897
1562534;898
1487615;898
1494544;899
1496312;900
1944302;901
1509340;901
1737684;902
1516513;902
1759759;903
1517929;903
1912459;904
1518969;904
1520446;905
1532160;906
1595318;906
1528090;906
1530719;907
1923055;908
1531161;908
1880304;909
1554601;909
1618488;910
1700037;910
1557125;910
1576452;911
1617284;912
1580124;912
1585206;913
1880974;914
1970559;914
1606070;914
1627198;915
1696753;915
1616474;915
1618639;916
1621849;917
1626169;918
1629621;919
1635527;920
1642096;921
1823379;922
1657440;922
1731552;923
1658699;923
1673411;924
1675069;924
1661506;924
1667325;925
1976367;926
2039166;926
1667873;926
1668783;927
1837225;928
1675066;928
1685422;929
1990563;930
1685871;930
1813844;931
1917755;931
1687776;931
1874792;932
1954532;932
1697086;932
2096121;933
1709971;933
1931368;934
1714092;934
1723967;935
1749640;936
1729147;936
1826870;937
1740991;937
1763672;938
1767836;939
1916572;940
1779722;940
1781128;941
1843348;942
1783991;942
1787551;943
2057127;944
2060916;944
1795127;944
2031799;945
1803146;945
1809420;946
1820085;947
1897606;948
1836644;948
1980626;949
1846978;949
1852033;950
1860913;951
2010738;952
1905468;952
1908746;953
1921770;954
1940907;955
1946546;956
1965716;957
1983765;958
1997596;959
2047233;960
2000496;960
2007515;961
2011396;962
2022703;963
2048678;964
2036467;964
2043478;965
2049974;966
2059961;967
2083613;968
